method,rank,seed,step,validation_loss
LoRA,2,123,1,3.8298466205596924
LoRA,2,123,25,3.8215413093566895
LoRA,2,123,50,3.7724881172180176
LoRA,2,123,75,3.7335305213928223
LoRA,2,123,100,3.677863597869873
LoRA,2,123,125,3.6580262184143066
LoRA,2,123,150,3.644665241241455
LoRA,2,123,175,3.6609959602355957
LoRA,2,123,200,3.6533994674682617
LoRA,2,123,225,3.659916400909424
LoRA,2,123,250,3.6575756072998047
LoRA,2,123,275,3.664083957672119
LoRA,2,123,300,3.6267056465148926
LoRA,2,123,325,3.632718563079834
LoRA,2,123,350,3.6286940574645996
LoRA,2,123,375,3.637838840484619
LoRA,2,123,400,3.620401620864868
LoRA,2,123,425,3.650729179382324
LoRA,2,123,450,3.5923233032226562
LoRA,2,123,475,3.605487823486328
LoRA,2,123,500,3.614748001098633
LoRA,2,123,525,3.5763845443725586
LoRA,2,123,550,3.5906615257263184
LoRA,2,123,575,3.5922114849090576
LoRA,2,123,600,3.5943360328674316
LoRA,2,123,625,3.6013340950012207
LoRA,2,123,650,3.5944881439208984
LoRA,2,123,675,3.6120352745056152
LoRA,2,123,700,3.6101462841033936
LoRA,2,123,725,3.6017251014709473
LoRA,2,123,750,3.6153926849365234
LoRA,2,123,775,3.6022439002990723
LoRA,2,123,800,3.6206579208374023
LoRA,2,123,825,3.614542245864868
LoRA,2,123,850,3.6189563274383545
LoRA,2,123,875,3.6060309410095215
LoRA,2,123,900,3.603177785873413
LoRA,2,123,925,3.6008963584899902
LoRA,2,123,950,3.578329563140869
LoRA,2,123,975,3.588250160217285
LoRA,2,123,1000,3.589357852935791
LoRA,2,123,1025,3.598288059234619
LoRA,2,123,1050,3.583812713623047
LoRA,2,123,1075,3.598897933959961
LoRA,2,123,1100,3.601102113723755
LoRA,2,123,1125,3.5909817218780518
LoRA,2,123,1150,3.5803914070129395
LoRA,2,123,1175,3.5891995429992676
LoRA,2,123,1200,3.5943753719329834
LoRA,2,123,1225,3.572946548461914
LoRA,2,123,1250,3.5510072708129883
LoRA,2,123,1275,3.5599541664123535
LoRA,2,123,1300,3.5553221702575684
LoRA,2,123,1325,3.5650367736816406
LoRA,2,123,1350,3.5814309120178223
LoRA,2,123,1375,3.577242851257324
LoRA,2,123,1400,3.5598926544189453
LoRA,2,123,1425,3.575303077697754
LoRA,2,123,1450,3.544534683227539
LoRA,2,123,1475,3.535200834274292
LoRA,2,123,1500,3.54191255569458
LoRA,2,123,1525,3.5301008224487305
LoRA,2,123,1550,3.558837890625
LoRA,2,123,1575,3.5255186557769775
LoRA,2,123,1600,3.5372378826141357
LoRA,2,123,1625,3.5493788719177246
LoRA,2,123,1650,3.532334804534912
LoRA,2,123,1675,3.5336358547210693
LoRA,2,123,1700,3.5400261878967285
LoRA,2,123,1725,3.536266565322876
LoRA,2,123,1750,3.5346195697784424
LoRA,2,123,1775,3.558750867843628
LoRA,2,123,1800,3.536245822906494
LoRA,2,123,1825,3.5506982803344727
LoRA,2,123,1850,3.5718722343444824
LoRA,2,123,1875,3.5419394969940186
LoRA,2,123,1900,3.5265610218048096
LoRA,2,123,1925,3.538473129272461
LoRA,2,123,1950,3.5439655780792236
LoRA,2,123,1975,3.534106731414795
LoRA,2,123,2000,3.5314624309539795
LoRA,2,123,2025,3.5477404594421387
LoRA,2,123,2050,3.536721706390381
LoRA,2,123,2075,3.5391433238983154
LoRA,2,123,2100,3.5266947746276855
LoRA,2,123,2125,3.535051107406616
LoRA,2,123,2150,3.534750461578369
LoRA,2,123,2175,3.533132553100586
LoRA,2,123,2200,3.5221033096313477
LoRA,2,123,2225,3.5044498443603516
LoRA,2,123,2250,3.5101656913757324
LoRA,2,123,2275,3.496361255645752
LoRA,2,123,2300,3.5072977542877197
LoRA,2,123,2325,3.515840768814087
LoRA,2,123,2350,3.510715961456299
LoRA,2,123,2375,3.5054774284362793
LoRA,2,123,2400,3.5011801719665527
LoRA,2,123,2425,3.501316547393799
LoRA,2,123,2450,3.4913723468780518
LoRA,2,123,2475,3.5097813606262207
LoRA,2,123,2500,3.514434814453125
LoRA,2,123,2525,3.50297212600708
LoRA,2,123,2550,3.5119881629943848
LoRA,2,123,2575,3.5103955268859863
LoRA,2,123,2600,3.5268075466156006
LoRA,2,123,2625,3.52860951423645
LoRA,2,123,2650,3.5317320823669434
LoRA,2,123,2675,3.5295493602752686
LoRA,2,123,2700,3.5383169651031494
LoRA,2,123,2725,3.5465683937072754
LoRA,2,123,2750,3.512617588043213
LoRA,2,123,2775,3.501643180847168
LoRA,2,123,2800,3.5088634490966797
LoRA,2,123,2825,3.505202293395996
LoRA,2,123,2850,3.484473705291748
LoRA,2,123,2875,3.489163875579834
LoRA,2,123,2900,3.50410795211792
LoRA,2,123,2925,3.5059680938720703
LoRA,2,123,2950,3.505676507949829
LoRA,2,123,2975,3.505711078643799
LoRA,2,123,3000,3.5018343925476074
LoRA,2,123,3025,3.4989118576049805
LoRA,2,123,3050,3.505629062652588
LoRA,2,123,3075,3.4857330322265625
LoRA,2,123,3100,3.496276378631592
LoRA,2,123,3125,3.5010769367218018
LoRA,2,123,3150,3.4935145378112793
LoRA,2,123,3175,3.5070438385009766
LoRA,2,123,3200,3.5130107402801514
LoRA,2,123,3225,3.493422508239746
LoRA,2,123,3250,3.4923160076141357
LoRA,2,123,3275,3.4959716796875
LoRA,2,123,3300,3.485625743865967
LoRA,2,123,3325,3.485837936401367
LoRA,2,123,3350,3.4855027198791504
LoRA,2,123,3375,3.4877214431762695
LoRA,2,123,3400,3.4936141967773438
LoRA,2,123,3425,3.492781162261963
LoRA,2,123,3450,3.4988937377929688
LoRA,2,123,3475,3.503622055053711
LoRA,2,123,3500,3.4864864349365234
LoRA,2,123,3525,3.4783191680908203
LoRA,2,123,3550,3.483847141265869
LoRA,2,123,3575,3.4884495735168457
LoRA,2,123,3600,3.4979796409606934
LoRA,2,123,3625,3.5124623775482178
LoRA,2,123,3650,3.5101795196533203
LoRA,2,123,3675,3.5030486583709717
LoRA,2,123,3700,3.506282329559326
LoRA,2,123,3725,3.501376152038574
LoRA,2,123,3750,3.4878358840942383
LoRA,2,123,3775,3.4824037551879883
LoRA,2,123,3800,3.4943721294403076
LoRA,2,123,3825,3.4847569465637207
LoRA,2,123,3850,3.475712299346924
LoRA,2,123,3875,3.4980716705322266
LoRA,2,123,3900,3.49251651763916
LoRA,2,123,3925,3.4775753021240234
LoRA,2,123,3950,3.4554686546325684
LoRA,2,123,3975,3.4576194286346436
LoRA,2,123,4000,3.4717180728912354
LoRA,2,123,4025,3.470444917678833
LoRA,2,123,4050,3.4772396087646484
LoRA,2,123,4075,3.479245662689209
LoRA,2,123,4100,3.4815540313720703
LoRA,2,123,4125,3.4833343029022217
LoRA,2,123,4150,3.4813127517700195
LoRA,2,123,4175,3.4600915908813477
LoRA,2,123,4200,3.4744040966033936
LoRA,2,123,4225,3.4812631607055664
LoRA,2,123,4250,3.4680399894714355
LoRA,2,123,4275,3.477137565612793
LoRA,2,123,4300,3.4893362522125244
LoRA,2,123,4325,3.484722852706909
LoRA,2,123,4350,3.4876632690429688
LoRA,2,123,4375,3.491023063659668
LoRA,2,123,4400,3.4733688831329346
LoRA,2,123,4425,3.4651217460632324
LoRA,2,123,4450,3.4782180786132812
LoRA,2,123,4475,3.499863624572754
LoRA,2,123,4500,3.4911766052246094
LoRA,2,123,4525,3.493830442428589
LoRA,2,123,4550,3.4974591732025146
LoRA,2,123,4575,3.5030641555786133
LoRA,2,123,4600,3.475475311279297
LoRA,2,123,4625,3.4634790420532227
LoRA,2,123,4650,3.463365316390991
LoRA,2,123,4675,3.4509146213531494
LoRA,2,123,4700,3.468949794769287
LoRA,2,123,4725,3.472539186477661
LoRA,2,123,4750,3.47479248046875
LoRA,2,123,4775,3.469292163848877
LoRA,2,123,4800,3.461334466934204
LoRA,2,123,4825,3.4665889739990234
LoRA,2,123,4850,3.478306293487549
LoRA,2,123,4875,3.476980447769165
LoRA,2,123,4900,3.475252628326416
LoRA,2,123,4925,3.4865567684173584
LoRA,2,123,4950,3.4893550872802734
LoRA,2,123,4975,3.472722053527832
LoRA,2,123,5000,3.4815495014190674
Symmetric Quadratic,4,42,1,3.8284502029418945
Symmetric Quadratic,4,42,25,3.819375991821289
Symmetric Quadratic,4,42,50,3.7566230297088623
Symmetric Quadratic,4,42,75,3.7073752880096436
Symmetric Quadratic,4,42,100,3.689192771911621
Symmetric Quadratic,4,42,125,3.653244972229004
Symmetric Quadratic,4,42,150,3.6441826820373535
Symmetric Quadratic,4,42,175,3.6576881408691406
Symmetric Quadratic,4,42,200,3.6425321102142334
Symmetric Quadratic,4,42,225,3.6323907375335693
Symmetric Quadratic,4,42,250,3.634584903717041
Symmetric Quadratic,4,42,275,3.632845878601074
Symmetric Quadratic,4,42,300,3.5772318840026855
Symmetric Quadratic,4,42,325,3.602447032928467
Symmetric Quadratic,4,42,350,3.6017088890075684
Symmetric Quadratic,4,42,375,3.6104037761688232
Symmetric Quadratic,4,42,400,3.5720126628875732
Symmetric Quadratic,4,42,425,3.5927977561950684
Symmetric Quadratic,4,42,450,3.543552875518799
Symmetric Quadratic,4,42,475,3.543757200241089
Symmetric Quadratic,4,42,500,3.555060625076294
Symmetric Quadratic,4,42,525,3.5115561485290527
Symmetric Quadratic,4,42,550,3.54068660736084
Symmetric Quadratic,4,42,575,3.53483247756958
Symmetric Quadratic,4,42,600,3.5474624633789062
Symmetric Quadratic,4,42,625,3.527371406555176
Symmetric Quadratic,4,42,650,3.5307936668395996
Symmetric Quadratic,4,42,675,3.5483882427215576
Symmetric Quadratic,4,42,700,3.542069435119629
Symmetric Quadratic,4,42,725,3.534275770187378
Symmetric Quadratic,4,42,750,3.5315065383911133
Symmetric Quadratic,4,42,775,3.529986619949341
Symmetric Quadratic,4,42,800,3.530224323272705
Symmetric Quadratic,4,42,825,3.5208094120025635
Symmetric Quadratic,4,42,850,3.5222487449645996
Symmetric Quadratic,4,42,875,3.505037784576416
Symmetric Quadratic,4,42,900,3.5101521015167236
Symmetric Quadratic,4,42,925,3.4976091384887695
Symmetric Quadratic,4,42,950,3.478013753890991
Symmetric Quadratic,4,42,975,3.496236562728882
Symmetric Quadratic,4,42,1000,3.494365692138672
Symmetric Quadratic,4,42,1025,3.483232021331787
Symmetric Quadratic,4,42,1050,3.4683151245117188
Symmetric Quadratic,4,42,1075,3.489187717437744
Symmetric Quadratic,4,42,1100,3.505496025085449
Symmetric Quadratic,4,42,1125,3.465888500213623
Symmetric Quadratic,4,42,1150,3.456488609313965
Symmetric Quadratic,4,42,1175,3.4752557277679443
Symmetric Quadratic,4,42,1200,3.4735584259033203
Symmetric Quadratic,4,42,1225,3.439695358276367
Symmetric Quadratic,4,42,1250,3.418029546737671
Symmetric Quadratic,4,42,1275,3.4300994873046875
Symmetric Quadratic,4,42,1300,3.4296176433563232
Symmetric Quadratic,4,42,1325,3.435762405395508
Symmetric Quadratic,4,42,1350,3.4607925415039062
Symmetric Quadratic,4,42,1375,3.4452333450317383
Symmetric Quadratic,4,42,1400,3.434795618057251
Symmetric Quadratic,4,42,1425,3.4259634017944336
Symmetric Quadratic,4,42,1450,3.4026827812194824
Symmetric Quadratic,4,42,1475,3.408825397491455
Symmetric Quadratic,4,42,1500,3.406615734100342
Symmetric Quadratic,4,42,1525,3.3907079696655273
Symmetric Quadratic,4,42,1550,3.4526662826538086
Symmetric Quadratic,4,42,1575,3.391876697540283
Symmetric Quadratic,4,42,1600,3.4110522270202637
Symmetric Quadratic,4,42,1625,3.412348747253418
Symmetric Quadratic,4,42,1650,3.3920373916625977
Symmetric Quadratic,4,42,1675,3.4029836654663086
Symmetric Quadratic,4,42,1700,3.398163318634033
Symmetric Quadratic,4,42,1725,3.379791259765625
Symmetric Quadratic,4,42,1750,3.3937277793884277
Symmetric Quadratic,4,42,1775,3.3878374099731445
Symmetric Quadratic,4,42,1800,3.377464771270752
Symmetric Quadratic,4,42,1825,3.4079737663269043
Symmetric Quadratic,4,42,1850,3.4132373332977295
Symmetric Quadratic,4,42,1875,3.3773422241210938
Symmetric Quadratic,4,42,1900,3.3634390830993652
Symmetric Quadratic,4,42,1925,3.3913722038269043
Symmetric Quadratic,4,42,1950,3.390413284301758
Symmetric Quadratic,4,42,1975,3.3901729583740234
Symmetric Quadratic,4,42,2000,3.399691104888916
Symmetric Quadratic,4,42,2025,3.436366558074951
Symmetric Quadratic,4,42,2050,3.429287910461426
Symmetric Quadratic,4,42,2075,3.3985509872436523
Symmetric Quadratic,4,42,2100,3.3791985511779785
Symmetric Quadratic,4,42,2125,3.413557529449463
Symmetric Quadratic,4,42,2150,3.4225382804870605
Symmetric Quadratic,4,42,2175,3.3953611850738525
Symmetric Quadratic,4,42,2200,3.387697696685791
Symmetric Quadratic,4,42,2225,3.3380825519561768
Symmetric Quadratic,4,42,2250,3.358337640762329
Symmetric Quadratic,4,42,2275,3.3563272953033447
Symmetric Quadratic,4,42,2300,3.3679347038269043
Symmetric Quadratic,4,42,2325,3.3637256622314453
Symmetric Quadratic,4,42,2350,3.3569202423095703
Symmetric Quadratic,4,42,2375,3.358626365661621
Symmetric Quadratic,4,42,2400,3.3721697330474854
Symmetric Quadratic,4,42,2425,3.345092296600342
Symmetric Quadratic,4,42,2450,3.335341453552246
Symmetric Quadratic,4,42,2475,3.381237506866455
Symmetric Quadratic,4,42,2500,3.355954647064209
Symmetric Quadratic,4,42,2525,3.346611499786377
Symmetric Quadratic,4,42,2550,3.3516480922698975
Symmetric Quadratic,4,42,2575,3.3599138259887695
Symmetric Quadratic,4,42,2600,3.3980705738067627
Symmetric Quadratic,4,42,2625,3.3872904777526855
Symmetric Quadratic,4,42,2650,3.3994524478912354
Symmetric Quadratic,4,42,2675,3.3870158195495605
Symmetric Quadratic,4,42,2700,3.397940158843994
Symmetric Quadratic,4,42,2725,3.4021596908569336
Symmetric Quadratic,4,42,2750,3.3590011596679688
Symmetric Quadratic,4,42,2775,3.3523483276367188
Symmetric Quadratic,4,42,2800,3.370478868484497
Symmetric Quadratic,4,42,2825,3.353060722351074
Symmetric Quadratic,4,42,2850,3.312525987625122
Symmetric Quadratic,4,42,2875,3.3117709159851074
Symmetric Quadratic,4,42,2900,3.3421287536621094
Symmetric Quadratic,4,42,2925,3.3548011779785156
Symmetric Quadratic,4,42,2950,3.345013380050659
Symmetric Quadratic,4,42,2975,3.3615880012512207
Symmetric Quadratic,4,42,3000,3.3446078300476074
Symmetric Quadratic,4,42,3025,3.331408977508545
Symmetric Quadratic,4,42,3050,3.3515772819519043
Symmetric Quadratic,4,42,3075,3.335092782974243
Symmetric Quadratic,4,42,3100,3.3576483726501465
Symmetric Quadratic,4,42,3125,3.3502352237701416
Symmetric Quadratic,4,42,3150,3.350167989730835
Symmetric Quadratic,4,42,3175,3.355590343475342
Symmetric Quadratic,4,42,3200,3.3491039276123047
Symmetric Quadratic,4,42,3225,3.3263907432556152
Symmetric Quadratic,4,42,3250,3.323826313018799
Symmetric Quadratic,4,42,3275,3.3346755504608154
Symmetric Quadratic,4,42,3300,3.335721492767334
Symmetric Quadratic,4,42,3325,3.3275699615478516
Symmetric Quadratic,4,42,3350,3.324113368988037
Symmetric Quadratic,4,42,3375,3.3250210285186768
Symmetric Quadratic,4,42,3400,3.3366546630859375
Symmetric Quadratic,4,42,3425,3.3342502117156982
Symmetric Quadratic,4,42,3450,3.3327009677886963
Symmetric Quadratic,4,42,3475,3.3493120670318604
Symmetric Quadratic,4,42,3500,3.3171143531799316
Symmetric Quadratic,4,42,3525,3.3150055408477783
Symmetric Quadratic,4,42,3550,3.3144054412841797
Symmetric Quadratic,4,42,3575,3.3387696743011475
Symmetric Quadratic,4,42,3600,3.3540587425231934
Symmetric Quadratic,4,42,3625,3.3710289001464844
Symmetric Quadratic,4,42,3650,3.355024814605713
Symmetric Quadratic,4,42,3675,3.330134630203247
Symmetric Quadratic,4,42,3700,3.3369388580322266
Symmetric Quadratic,4,42,3725,3.3381290435791016
Symmetric Quadratic,4,42,3750,3.3201255798339844
Symmetric Quadratic,4,42,3775,3.2976315021514893
Symmetric Quadratic,4,42,3800,3.3175227642059326
Symmetric Quadratic,4,42,3825,3.3119945526123047
Symmetric Quadratic,4,42,3850,3.303096294403076
Symmetric Quadratic,4,42,3875,3.3331961631774902
Symmetric Quadratic,4,42,3900,3.322953224182129
Symmetric Quadratic,4,42,3925,3.303624391555786
Symmetric Quadratic,4,42,3950,3.2578303813934326
Symmetric Quadratic,4,42,3975,3.272268772125244
Symmetric Quadratic,4,42,4000,3.283428192138672
Symmetric Quadratic,4,42,4025,3.292249917984009
Symmetric Quadratic,4,42,4050,3.2934038639068604
Symmetric Quadratic,4,42,4075,3.308711528778076
Symmetric Quadratic,4,42,4100,3.314085006713867
Symmetric Quadratic,4,42,4125,3.305656909942627
Symmetric Quadratic,4,42,4150,3.3004746437072754
Symmetric Quadratic,4,42,4175,3.2760138511657715
Symmetric Quadratic,4,42,4200,3.315798282623291
Symmetric Quadratic,4,42,4225,3.328113555908203
Symmetric Quadratic,4,42,4250,3.300975799560547
Symmetric Quadratic,4,42,4275,3.3239564895629883
Symmetric Quadratic,4,42,4300,3.32427978515625
Symmetric Quadratic,4,42,4325,3.3108267784118652
Symmetric Quadratic,4,42,4350,3.30413818359375
Symmetric Quadratic,4,42,4375,3.318429708480835
Symmetric Quadratic,4,42,4400,3.2919259071350098
Symmetric Quadratic,4,42,4425,3.287144660949707
Symmetric Quadratic,4,42,4450,3.332911491394043
Symmetric Quadratic,4,42,4475,3.3581089973449707
Symmetric Quadratic,4,42,4500,3.325817584991455
Symmetric Quadratic,4,42,4525,3.3288791179656982
Symmetric Quadratic,4,42,4550,3.332515239715576
Symmetric Quadratic,4,42,4575,3.3386037349700928
Symmetric Quadratic,4,42,4600,3.309417247772217
Symmetric Quadratic,4,42,4625,3.28141713142395
Symmetric Quadratic,4,42,4650,3.3027048110961914
Symmetric Quadratic,4,42,4675,3.262436866760254
Symmetric Quadratic,4,42,4700,3.289170980453491
Symmetric Quadratic,4,42,4725,3.2874114513397217
Symmetric Quadratic,4,42,4750,3.287684440612793
Symmetric Quadratic,4,42,4775,3.297952890396118
Symmetric Quadratic,4,42,4800,3.2913172245025635
Symmetric Quadratic,4,42,4825,3.2958037853240967
Symmetric Quadratic,4,42,4850,3.3182873725891113
Symmetric Quadratic,4,42,4875,3.305157423019409
Symmetric Quadratic,4,42,4900,3.3076186180114746
Symmetric Quadratic,4,42,4925,3.320220470428467
Symmetric Quadratic,4,42,4950,3.315300941467285
Symmetric Quadratic,4,42,4975,3.2937171459198
Symmetric Quadratic,4,42,5000,3.311195135116577
Symmetric Quadratic,2,123,1,3.82779598236084
Symmetric Quadratic,2,123,25,3.7483019828796387
Symmetric Quadratic,2,123,50,3.67971134185791
Symmetric Quadratic,2,123,75,3.6979570388793945
Symmetric Quadratic,2,123,100,3.704165458679199
Symmetric Quadratic,2,123,125,3.661996364593506
Symmetric Quadratic,2,123,150,3.6906418800354004
Symmetric Quadratic,2,123,175,3.6877713203430176
Symmetric Quadratic,2,123,200,3.678271532058716
Symmetric Quadratic,2,123,225,3.6605637073516846
Symmetric Quadratic,2,123,250,3.679187297821045
Symmetric Quadratic,2,123,275,3.662304401397705
Symmetric Quadratic,2,123,300,3.6371750831604004
Symmetric Quadratic,2,123,325,3.6416563987731934
Symmetric Quadratic,2,123,350,3.6293821334838867
Symmetric Quadratic,2,123,375,3.644412040710449
Symmetric Quadratic,2,123,400,3.613152503967285
Symmetric Quadratic,2,123,425,3.6538729667663574
Symmetric Quadratic,2,123,450,3.5941851139068604
Symmetric Quadratic,2,123,475,3.601574420928955
Symmetric Quadratic,2,123,500,3.607116222381592
Symmetric Quadratic,2,123,525,3.5577847957611084
Symmetric Quadratic,2,123,550,3.5752813816070557
Symmetric Quadratic,2,123,575,3.58712100982666
Symmetric Quadratic,2,123,600,3.5855603218078613
Symmetric Quadratic,2,123,625,3.5808024406433105
Symmetric Quadratic,2,123,650,3.5644450187683105
Symmetric Quadratic,2,123,675,3.5989930629730225
Symmetric Quadratic,2,123,700,3.5944199562072754
Symmetric Quadratic,2,123,725,3.5614001750946045
Symmetric Quadratic,2,123,750,3.571098804473877
Symmetric Quadratic,2,123,775,3.573884963989258
Symmetric Quadratic,2,123,800,3.5826148986816406
Symmetric Quadratic,2,123,825,3.5881266593933105
Symmetric Quadratic,2,123,850,3.596853256225586
Symmetric Quadratic,2,123,875,3.555354118347168
Symmetric Quadratic,2,123,900,3.586052656173706
Symmetric Quadratic,2,123,925,3.5679514408111572
Symmetric Quadratic,2,123,950,3.5421736240386963
Symmetric Quadratic,2,123,975,3.5547194480895996
Symmetric Quadratic,2,123,1000,3.5522584915161133
Symmetric Quadratic,2,123,1025,3.5441982746124268
Symmetric Quadratic,2,123,1050,3.5272011756896973
Symmetric Quadratic,2,123,1075,3.541597843170166
Symmetric Quadratic,2,123,1100,3.552083730697632
Symmetric Quadratic,2,123,1125,3.5380825996398926
Symmetric Quadratic,2,123,1150,3.5346574783325195
Symmetric Quadratic,2,123,1175,3.5379104614257812
Symmetric Quadratic,2,123,1200,3.532726764678955
Symmetric Quadratic,2,123,1225,3.5081353187561035
Symmetric Quadratic,2,123,1250,3.4948666095733643
Symmetric Quadratic,2,123,1275,3.5173983573913574
Symmetric Quadratic,2,123,1300,3.5161023139953613
Symmetric Quadratic,2,123,1325,3.529538154602051
Symmetric Quadratic,2,123,1350,3.529390811920166
Symmetric Quadratic,2,123,1375,3.5225586891174316
Symmetric Quadratic,2,123,1400,3.5091824531555176
Symmetric Quadratic,2,123,1425,3.522129774093628
Symmetric Quadratic,2,123,1450,3.486640214920044
Symmetric Quadratic,2,123,1475,3.4876291751861572
Symmetric Quadratic,2,123,1500,3.4948296546936035
Symmetric Quadratic,2,123,1525,3.488049030303955
Symmetric Quadratic,2,123,1550,3.51918888092041
Symmetric Quadratic,2,123,1575,3.4742021560668945
Symmetric Quadratic,2,123,1600,3.5027174949645996
Symmetric Quadratic,2,123,1625,3.505643844604492
Symmetric Quadratic,2,123,1650,3.486525535583496
Symmetric Quadratic,2,123,1675,3.4919047355651855
Symmetric Quadratic,2,123,1700,3.5002527236938477
Symmetric Quadratic,2,123,1725,3.494637966156006
Symmetric Quadratic,2,123,1750,3.502925395965576
Symmetric Quadratic,2,123,1775,3.513927459716797
Symmetric Quadratic,2,123,1800,3.4914612770080566
Symmetric Quadratic,2,123,1825,3.511993169784546
Symmetric Quadratic,2,123,1850,3.529789924621582
Symmetric Quadratic,2,123,1875,3.5105981826782227
Symmetric Quadratic,2,123,1900,3.492056369781494
Symmetric Quadratic,2,123,1925,3.5106663703918457
Symmetric Quadratic,2,123,1950,3.5218007564544678
Symmetric Quadratic,2,123,1975,3.488936424255371
Symmetric Quadratic,2,123,2000,3.499345064163208
Symmetric Quadratic,2,123,2025,3.520599842071533
Symmetric Quadratic,2,123,2050,3.5128118991851807
Symmetric Quadratic,2,123,2075,3.5053257942199707
Symmetric Quadratic,2,123,2100,3.494781970977783
Symmetric Quadratic,2,123,2125,3.4991614818573
Symmetric Quadratic,2,123,2150,3.5176303386688232
Symmetric Quadratic,2,123,2175,3.4941277503967285
Symmetric Quadratic,2,123,2200,3.47708797454834
Symmetric Quadratic,2,123,2225,3.471841335296631
Symmetric Quadratic,2,123,2250,3.468973159790039
Symmetric Quadratic,2,123,2275,3.4559073448181152
Symmetric Quadratic,2,123,2300,3.483822822570801
Symmetric Quadratic,2,123,2325,3.503851890563965
Symmetric Quadratic,2,123,2350,3.496450901031494
Symmetric Quadratic,2,123,2375,3.479490280151367
Symmetric Quadratic,2,123,2400,3.4728546142578125
Symmetric Quadratic,2,123,2425,3.4806127548217773
Symmetric Quadratic,2,123,2450,3.475184202194214
Symmetric Quadratic,2,123,2475,3.499305248260498
Symmetric Quadratic,2,123,2500,3.490990161895752
Symmetric Quadratic,2,123,2525,3.4816226959228516
Symmetric Quadratic,2,123,2550,3.4969282150268555
Symmetric Quadratic,2,123,2575,3.5002598762512207
Symmetric Quadratic,2,123,2600,3.4999866485595703
Symmetric Quadratic,2,123,2625,3.5011017322540283
Symmetric Quadratic,2,123,2650,3.494443416595459
Symmetric Quadratic,2,123,2675,3.4978013038635254
Symmetric Quadratic,2,123,2700,3.5112390518188477
Symmetric Quadratic,2,123,2725,3.5045385360717773
Symmetric Quadratic,2,123,2750,3.4868762493133545
Symmetric Quadratic,2,123,2775,3.475263833999634
Symmetric Quadratic,2,123,2800,3.483339548110962
Symmetric Quadratic,2,123,2825,3.484518527984619
Symmetric Quadratic,2,123,2850,3.4596548080444336
Symmetric Quadratic,2,123,2875,3.4706478118896484
Symmetric Quadratic,2,123,2900,3.481154203414917
Symmetric Quadratic,2,123,2925,3.4715158939361572
Symmetric Quadratic,2,123,2950,3.48270320892334
Symmetric Quadratic,2,123,2975,3.486557722091675
Symmetric Quadratic,2,123,3000,3.476836919784546
Symmetric Quadratic,2,123,3025,3.476109027862549
Symmetric Quadratic,2,123,3050,3.481302261352539
Symmetric Quadratic,2,123,3075,3.4640026092529297
Symmetric Quadratic,2,123,3100,3.4785051345825195
Symmetric Quadratic,2,123,3125,3.476341485977173
Symmetric Quadratic,2,123,3150,3.4725723266601562
Symmetric Quadratic,2,123,3175,3.475200891494751
Symmetric Quadratic,2,123,3200,3.5026063919067383
Symmetric Quadratic,2,123,3225,3.453303575515747
Symmetric Quadratic,2,123,3250,3.464883804321289
Symmetric Quadratic,2,123,3275,3.4743049144744873
Symmetric Quadratic,2,123,3300,3.4615373611450195
Symmetric Quadratic,2,123,3325,3.4717814922332764
Symmetric Quadratic,2,123,3350,3.4543871879577637
Symmetric Quadratic,2,123,3375,3.458409547805786
Symmetric Quadratic,2,123,3400,3.473909378051758
Symmetric Quadratic,2,123,3425,3.4642751216888428
Symmetric Quadratic,2,123,3450,3.4751570224761963
Symmetric Quadratic,2,123,3475,3.476004123687744
Symmetric Quadratic,2,123,3500,3.4524171352386475
Symmetric Quadratic,2,123,3525,3.4517760276794434
Symmetric Quadratic,2,123,3550,3.4589383602142334
Symmetric Quadratic,2,123,3575,3.469200611114502
Symmetric Quadratic,2,123,3600,3.474893093109131
Symmetric Quadratic,2,123,3625,3.489419937133789
Symmetric Quadratic,2,123,3650,3.474677562713623
Symmetric Quadratic,2,123,3675,3.468233585357666
Symmetric Quadratic,2,123,3700,3.4795069694519043
Symmetric Quadratic,2,123,3725,3.4707188606262207
Symmetric Quadratic,2,123,3750,3.465991735458374
Symmetric Quadratic,2,123,3775,3.462097406387329
Symmetric Quadratic,2,123,3800,3.4819674491882324
Symmetric Quadratic,2,123,3825,3.4556305408477783
Symmetric Quadratic,2,123,3850,3.472750663757324
Symmetric Quadratic,2,123,3875,3.4851889610290527
Symmetric Quadratic,2,123,3900,3.4740278720855713
Symmetric Quadratic,2,123,3925,3.451058864593506
Symmetric Quadratic,2,123,3950,3.4362893104553223
Symmetric Quadratic,2,123,3975,3.436598777770996
Symmetric Quadratic,2,123,4000,3.4517626762390137
Symmetric Quadratic,2,123,4025,3.453320026397705
Symmetric Quadratic,2,123,4050,3.458333969116211
Symmetric Quadratic,2,123,4075,3.4613194465637207
Symmetric Quadratic,2,123,4100,3.4628071784973145
Symmetric Quadratic,2,123,4125,3.4627561569213867
Symmetric Quadratic,2,123,4150,3.4601192474365234
Symmetric Quadratic,2,123,4175,3.441577434539795
Symmetric Quadratic,2,123,4200,3.4608607292175293
Symmetric Quadratic,2,123,4225,3.4652843475341797
Symmetric Quadratic,2,123,4250,3.4412059783935547
Symmetric Quadratic,2,123,4275,3.4599435329437256
Symmetric Quadratic,2,123,4300,3.47334623336792
Symmetric Quadratic,2,123,4325,3.4662134647369385
Symmetric Quadratic,2,123,4350,3.468266010284424
Symmetric Quadratic,2,123,4375,3.4676947593688965
Symmetric Quadratic,2,123,4400,3.4516172409057617
Symmetric Quadratic,2,123,4425,3.43788743019104
Symmetric Quadratic,2,123,4450,3.467311382293701
Symmetric Quadratic,2,123,4475,3.485413074493408
Symmetric Quadratic,2,123,4500,3.480055332183838
Symmetric Quadratic,2,123,4525,3.4782724380493164
Symmetric Quadratic,2,123,4550,3.4771511554718018
Symmetric Quadratic,2,123,4575,3.48325252532959
Symmetric Quadratic,2,123,4600,3.4556992053985596
Symmetric Quadratic,2,123,4625,3.437741756439209
Symmetric Quadratic,2,123,4650,3.454860210418701
Symmetric Quadratic,2,123,4675,3.436126232147217
Symmetric Quadratic,2,123,4700,3.446104049682617
Symmetric Quadratic,2,123,4725,3.4505202770233154
Symmetric Quadratic,2,123,4750,3.451688051223755
Symmetric Quadratic,2,123,4775,3.4507269859313965
Symmetric Quadratic,2,123,4800,3.447495937347412
Symmetric Quadratic,2,123,4825,3.4472107887268066
Symmetric Quadratic,2,123,4850,3.4487695693969727
Symmetric Quadratic,2,123,4875,3.449126958847046
Symmetric Quadratic,2,123,4900,3.4555654525756836
Symmetric Quadratic,2,123,4925,3.470597982406616
Symmetric Quadratic,2,123,4950,3.464968204498291
Symmetric Quadratic,2,123,4975,3.4374542236328125
Symmetric Quadratic,2,123,5000,3.4577689170837402
LoRA,2,42,1,3.8304121494293213
LoRA,2,42,25,3.827239751815796
LoRA,2,42,50,3.8230364322662354
LoRA,2,42,75,3.818117618560791
LoRA,2,42,100,3.811631202697754
LoRA,2,42,125,3.7941384315490723
LoRA,2,42,150,3.7758095264434814
LoRA,2,42,175,3.77056884765625
LoRA,2,42,200,3.753389596939087
LoRA,2,42,225,3.73516583442688
LoRA,2,42,250,3.7213003635406494
LoRA,2,42,275,3.713489532470703
LoRA,2,42,300,3.6844305992126465
LoRA,2,42,325,3.6720354557037354
LoRA,2,42,350,3.6681156158447266
LoRA,2,42,375,3.668598175048828
LoRA,2,42,400,3.6493544578552246
LoRA,2,42,425,3.64786958694458
LoRA,2,42,450,3.6203927993774414
LoRA,2,42,475,3.6222503185272217
LoRA,2,42,500,3.626990795135498
LoRA,2,42,525,3.596816301345825
LoRA,2,42,550,3.6084647178649902
LoRA,2,42,575,3.6118826866149902
LoRA,2,42,600,3.612267017364502
LoRA,2,42,625,3.6163582801818848
LoRA,2,42,650,3.6130127906799316
LoRA,2,42,675,3.6224164962768555
LoRA,2,42,700,3.6231985092163086
LoRA,2,42,725,3.625734329223633
LoRA,2,42,750,3.6266489028930664
LoRA,2,42,775,3.6225128173828125
LoRA,2,42,800,3.622392416000366
LoRA,2,42,825,3.6259913444519043
LoRA,2,42,850,3.6253137588500977
LoRA,2,42,875,3.613219738006592
LoRA,2,42,900,3.6098294258117676
LoRA,2,42,925,3.606326103210449
LoRA,2,42,950,3.586073398590088
LoRA,2,42,975,3.600449562072754
LoRA,2,42,1000,3.6119203567504883
LoRA,2,42,1025,3.606748580932617
LoRA,2,42,1050,3.5913643836975098
LoRA,2,42,1075,3.6079304218292236
LoRA,2,42,1100,3.611356258392334
LoRA,2,42,1125,3.602390766143799
LoRA,2,42,1150,3.591918468475342
LoRA,2,42,1175,3.599822521209717
LoRA,2,42,1200,3.606781482696533
LoRA,2,42,1225,3.5795693397521973
LoRA,2,42,1250,3.563429832458496
LoRA,2,42,1275,3.5689098834991455
LoRA,2,42,1300,3.567429542541504
LoRA,2,42,1325,3.58081316947937
LoRA,2,42,1350,3.6045002937316895
LoRA,2,42,1375,3.602384090423584
LoRA,2,42,1400,3.585299015045166
LoRA,2,42,1425,3.5815224647521973
LoRA,2,42,1450,3.552797317504883
LoRA,2,42,1475,3.5488290786743164
LoRA,2,42,1500,3.5546255111694336
LoRA,2,42,1525,3.541555404663086
LoRA,2,42,1550,3.5672521591186523
LoRA,2,42,1575,3.5455384254455566
LoRA,2,42,1600,3.5529134273529053
LoRA,2,42,1625,3.5670409202575684
LoRA,2,42,1650,3.549391984939575
LoRA,2,42,1675,3.553382396697998
LoRA,2,42,1700,3.557094097137451
LoRA,2,42,1725,3.552217483520508
LoRA,2,42,1750,3.5551581382751465
LoRA,2,42,1775,3.565187454223633
LoRA,2,42,1800,3.560051679611206
LoRA,2,42,1825,3.57792067527771
LoRA,2,42,1850,3.5898101329803467
LoRA,2,42,1875,3.5578579902648926
LoRA,2,42,1900,3.5421793460845947
LoRA,2,42,1925,3.5649266242980957
LoRA,2,42,1950,3.5716707706451416
LoRA,2,42,1975,3.566732883453369
LoRA,2,42,2000,3.5610013008117676
LoRA,2,42,2025,3.5860815048217773
LoRA,2,42,2050,3.566462993621826
LoRA,2,42,2075,3.561382293701172
LoRA,2,42,2100,3.557826519012451
LoRA,2,42,2125,3.561873435974121
LoRA,2,42,2150,3.5580549240112305
LoRA,2,42,2175,3.564107656478882
LoRA,2,42,2200,3.555121898651123
LoRA,2,42,2225,3.527796745300293
LoRA,2,42,2250,3.539641857147217
LoRA,2,42,2275,3.51474666595459
LoRA,2,42,2300,3.5323657989501953
LoRA,2,42,2325,3.5391111373901367
LoRA,2,42,2350,3.5294690132141113
LoRA,2,42,2375,3.5273704528808594
LoRA,2,42,2400,3.528214931488037
LoRA,2,42,2425,3.528095245361328
LoRA,2,42,2450,3.506776809692383
LoRA,2,42,2475,3.5293149948120117
LoRA,2,42,2500,3.5303876399993896
LoRA,2,42,2525,3.515622854232788
LoRA,2,42,2550,3.5213205814361572
LoRA,2,42,2575,3.532092332839966
LoRA,2,42,2600,3.5525312423706055
LoRA,2,42,2625,3.539430618286133
LoRA,2,42,2650,3.547171115875244
LoRA,2,42,2675,3.5382680892944336
LoRA,2,42,2700,3.5531277656555176
LoRA,2,42,2725,3.5564732551574707
LoRA,2,42,2750,3.5270745754241943
LoRA,2,42,2775,3.51267409324646
LoRA,2,42,2800,3.518989324569702
LoRA,2,42,2825,3.5171220302581787
LoRA,2,42,2850,3.477698802947998
LoRA,2,42,2875,3.4868052005767822
LoRA,2,42,2900,3.505110263824463
LoRA,2,42,2925,3.5139803886413574
LoRA,2,42,2950,3.5075182914733887
LoRA,2,42,2975,3.5114431381225586
LoRA,2,42,3000,3.510622978210449
LoRA,2,42,3025,3.5054385662078857
LoRA,2,42,3050,3.5113885402679443
LoRA,2,42,3075,3.4968841075897217
LoRA,2,42,3100,3.509498119354248
LoRA,2,42,3125,3.5141220092773438
LoRA,2,42,3150,3.5012545585632324
LoRA,2,42,3175,3.5116753578186035
LoRA,2,42,3200,3.5258781909942627
LoRA,2,42,3225,3.4958336353302
LoRA,2,42,3250,3.4880356788635254
LoRA,2,42,3275,3.4966933727264404
LoRA,2,42,3300,3.488271474838257
LoRA,2,42,3325,3.4833288192749023
LoRA,2,42,3350,3.496532678604126
LoRA,2,42,3375,3.5075440406799316
LoRA,2,42,3400,3.5115885734558105
LoRA,2,42,3425,3.5020289421081543
LoRA,2,42,3450,3.501619577407837
LoRA,2,42,3475,3.5109148025512695
LoRA,2,42,3500,3.4826149940490723
LoRA,2,42,3525,3.4816946983337402
LoRA,2,42,3550,3.4885616302490234
LoRA,2,42,3575,3.4968199729919434
LoRA,2,42,3600,3.5084307193756104
LoRA,2,42,3625,3.5201659202575684
LoRA,2,42,3650,3.5200047492980957
LoRA,2,42,3675,3.513514757156372
LoRA,2,42,3700,3.5114634037017822
LoRA,2,42,3725,3.5086965560913086
LoRA,2,42,3750,3.494542360305786
LoRA,2,42,3775,3.478147268295288
LoRA,2,42,3800,3.5018370151519775
LoRA,2,42,3825,3.487255573272705
LoRA,2,42,3850,3.4759669303894043
LoRA,2,42,3875,3.4945225715637207
LoRA,2,42,3900,3.500558614730835
LoRA,2,42,3925,3.4932847023010254
LoRA,2,42,3950,3.453352451324463
LoRA,2,42,3975,3.4542343616485596
LoRA,2,42,4000,3.4703519344329834
LoRA,2,42,4025,3.4683101177215576
LoRA,2,42,4050,3.477881908416748
LoRA,2,42,4075,3.493297576904297
LoRA,2,42,4100,3.497126579284668
LoRA,2,42,4125,3.4873952865600586
LoRA,2,42,4150,3.4783072471618652
LoRA,2,42,4175,3.4544482231140137
LoRA,2,42,4200,3.476245641708374
LoRA,2,42,4225,3.4817240238189697
LoRA,2,42,4250,3.4800586700439453
LoRA,2,42,4275,3.4883580207824707
LoRA,2,42,4300,3.4940381050109863
LoRA,2,42,4325,3.491079330444336
LoRA,2,42,4350,3.48258900642395
LoRA,2,42,4375,3.4888265132904053
LoRA,2,42,4400,3.4780526161193848
LoRA,2,42,4425,3.4732484817504883
LoRA,2,42,4450,3.4980223178863525
LoRA,2,42,4475,3.517106056213379
LoRA,2,42,4500,3.504879951477051
LoRA,2,42,4525,3.5092568397521973
LoRA,2,42,4550,3.5063254833221436
LoRA,2,42,4575,3.51572847366333
LoRA,2,42,4600,3.4803624153137207
LoRA,2,42,4625,3.460254430770874
LoRA,2,42,4650,3.4742202758789062
LoRA,2,42,4675,3.450603723526001
LoRA,2,42,4700,3.469686985015869
LoRA,2,42,4725,3.4661307334899902
LoRA,2,42,4750,3.4709479808807373
LoRA,2,42,4775,3.471256732940674
LoRA,2,42,4800,3.463735580444336
LoRA,2,42,4825,3.4708094596862793
LoRA,2,42,4850,3.4900269508361816
LoRA,2,42,4875,3.4793715476989746
LoRA,2,42,4900,3.483255386352539
LoRA,2,42,4925,3.4901764392852783
LoRA,2,42,4950,3.4943032264709473
LoRA,2,42,4975,3.467062473297119
LoRA,2,42,5000,3.4795923233032227
Symmetric Quadratic,8,42,1,3.8303704261779785
Symmetric Quadratic,8,42,25,3.8284506797790527
Symmetric Quadratic,8,42,50,3.8059072494506836
Symmetric Quadratic,8,42,75,3.7653541564941406
Symmetric Quadratic,8,42,100,3.7194716930389404
Symmetric Quadratic,8,42,125,3.6726622581481934
Symmetric Quadratic,8,42,150,3.6409831047058105
Symmetric Quadratic,8,42,175,3.6505720615386963
Symmetric Quadratic,8,42,200,3.6402196884155273
Symmetric Quadratic,8,42,225,3.622506618499756
Symmetric Quadratic,8,42,250,3.6179683208465576
Symmetric Quadratic,8,42,275,3.624372959136963
Symmetric Quadratic,8,42,300,3.5806756019592285
Symmetric Quadratic,8,42,325,3.5844883918762207
Symmetric Quadratic,8,42,350,3.5933289527893066
Symmetric Quadratic,8,42,375,3.5952916145324707
Symmetric Quadratic,8,42,400,3.5483803749084473
Symmetric Quadratic,8,42,425,3.5675055980682373
Symmetric Quadratic,8,42,450,3.5122766494750977
Symmetric Quadratic,8,42,475,3.513601303100586
Symmetric Quadratic,8,42,500,3.5122246742248535
Symmetric Quadratic,8,42,525,3.4598183631896973
Symmetric Quadratic,8,42,550,3.4829370975494385
Symmetric Quadratic,8,42,575,3.4846153259277344
Symmetric Quadratic,8,42,600,3.4920082092285156
Symmetric Quadratic,8,42,625,3.4756436347961426
Symmetric Quadratic,8,42,650,3.469090461730957
Symmetric Quadratic,8,42,675,3.4812560081481934
Symmetric Quadratic,8,42,700,3.4775376319885254
Symmetric Quadratic,8,42,725,3.4720821380615234
Symmetric Quadratic,8,42,750,3.476274013519287
Symmetric Quadratic,8,42,775,3.4693474769592285
Symmetric Quadratic,8,42,800,3.472205638885498
Symmetric Quadratic,8,42,825,3.473562479019165
Symmetric Quadratic,8,42,850,3.4776506423950195
Symmetric Quadratic,8,42,875,3.4542770385742188
Symmetric Quadratic,8,42,900,3.4709320068359375
Symmetric Quadratic,8,42,925,3.45778751373291
Symmetric Quadratic,8,42,950,3.431509494781494
Symmetric Quadratic,8,42,975,3.4465370178222656
Symmetric Quadratic,8,42,1000,3.4438669681549072
Symmetric Quadratic,8,42,1025,3.442648410797119
Symmetric Quadratic,8,42,1050,3.4344334602355957
Symmetric Quadratic,8,42,1075,3.456932544708252
Symmetric Quadratic,8,42,1100,3.4596176147460938
Symmetric Quadratic,8,42,1125,3.441861152648926
Symmetric Quadratic,8,42,1150,3.4205574989318848
Symmetric Quadratic,8,42,1175,3.43912410736084
Symmetric Quadratic,8,42,1200,3.4394984245300293
Symmetric Quadratic,8,42,1225,3.402292490005493
Symmetric Quadratic,8,42,1250,3.3804216384887695
Symmetric Quadratic,8,42,1275,3.397210121154785
Symmetric Quadratic,8,42,1300,3.395315170288086
Symmetric Quadratic,8,42,1325,3.4024453163146973
Symmetric Quadratic,8,42,1350,3.431593656539917
Symmetric Quadratic,8,42,1375,3.41892147064209
Symmetric Quadratic,8,42,1400,3.4090137481689453
Symmetric Quadratic,8,42,1425,3.4037814140319824
Symmetric Quadratic,8,42,1450,3.369929075241089
Symmetric Quadratic,8,42,1475,3.369584560394287
Symmetric Quadratic,8,42,1500,3.370448112487793
Symmetric Quadratic,8,42,1525,3.351778030395508
Symmetric Quadratic,8,42,1550,3.4000048637390137
Symmetric Quadratic,8,42,1575,3.3545219898223877
Symmetric Quadratic,8,42,1600,3.3736321926116943
Symmetric Quadratic,8,42,1625,3.383877992630005
Symmetric Quadratic,8,42,1650,3.359339475631714
Symmetric Quadratic,8,42,1675,3.362123966217041
Symmetric Quadratic,8,42,1700,3.362567901611328
Symmetric Quadratic,8,42,1725,3.355576992034912
Symmetric Quadratic,8,42,1750,3.369659900665283
Symmetric Quadratic,8,42,1775,3.3775851726531982
Symmetric Quadratic,8,42,1800,3.366417169570923
Symmetric Quadratic,8,42,1825,3.384220600128174
Symmetric Quadratic,8,42,1850,3.3964037895202637
Symmetric Quadratic,8,42,1875,3.357447624206543
Symmetric Quadratic,8,42,1900,3.338787317276001
Symmetric Quadratic,8,42,1925,3.36871337890625
Symmetric Quadratic,8,42,1950,3.3712799549102783
Symmetric Quadratic,8,42,1975,3.3619282245635986
Symmetric Quadratic,8,42,2000,3.3637561798095703
Symmetric Quadratic,8,42,2025,3.4035816192626953
Symmetric Quadratic,8,42,2050,3.3826487064361572
Symmetric Quadratic,8,42,2075,3.364032745361328
Symmetric Quadratic,8,42,2100,3.344913959503174
Symmetric Quadratic,8,42,2125,3.35678768157959
Symmetric Quadratic,8,42,2150,3.361520767211914
Symmetric Quadratic,8,42,2175,3.36482572555542
Symmetric Quadratic,8,42,2200,3.3559837341308594
Symmetric Quadratic,8,42,2225,3.3143491744995117
Symmetric Quadratic,8,42,2250,3.334270477294922
Symmetric Quadratic,8,42,2275,3.305663585662842
Symmetric Quadratic,8,42,2300,3.334784984588623
Symmetric Quadratic,8,42,2325,3.338864326477051
Symmetric Quadratic,8,42,2350,3.3294289112091064
Symmetric Quadratic,8,42,2375,3.325900077819824
Symmetric Quadratic,8,42,2400,3.331433057785034
Symmetric Quadratic,8,42,2425,3.314218759536743
Symmetric Quadratic,8,42,2450,3.289702892303467
Symmetric Quadratic,8,42,2475,3.328782081604004
Symmetric Quadratic,8,42,2500,3.327233076095581
Symmetric Quadratic,8,42,2525,3.309830665588379
Symmetric Quadratic,8,42,2550,3.315018653869629
Symmetric Quadratic,8,42,2575,3.3227953910827637
Symmetric Quadratic,8,42,2600,3.353991985321045
Symmetric Quadratic,8,42,2625,3.3508315086364746
Symmetric Quadratic,8,42,2650,3.356555938720703
Symmetric Quadratic,8,42,2675,3.346902370452881
Symmetric Quadratic,8,42,2700,3.3616175651550293
Symmetric Quadratic,8,42,2725,3.3715133666992188
Symmetric Quadratic,8,42,2750,3.339587450027466
Symmetric Quadratic,8,42,2775,3.3086085319519043
Symmetric Quadratic,8,42,2800,3.3257203102111816
Symmetric Quadratic,8,42,2825,3.310642719268799
Symmetric Quadratic,8,42,2850,3.2689032554626465
Symmetric Quadratic,8,42,2875,3.2692511081695557
Symmetric Quadratic,8,42,2900,3.2954092025756836
Symmetric Quadratic,8,42,2925,3.324172258377075
Symmetric Quadratic,8,42,2950,3.304323434829712
Symmetric Quadratic,8,42,2975,3.312885284423828
Symmetric Quadratic,8,42,3000,3.296504020690918
Symmetric Quadratic,8,42,3025,3.2952656745910645
Symmetric Quadratic,8,42,3050,3.3157200813293457
Symmetric Quadratic,8,42,3075,3.302243709564209
Symmetric Quadratic,8,42,3100,3.301907777786255
Symmetric Quadratic,8,42,3125,3.3053336143493652
Symmetric Quadratic,8,42,3150,3.2986817359924316
Symmetric Quadratic,8,42,3175,3.305311441421509
Symmetric Quadratic,8,42,3200,3.3126676082611084
Symmetric Quadratic,8,42,3225,3.29193377494812
Symmetric Quadratic,8,42,3250,3.2808127403259277
Symmetric Quadratic,8,42,3275,3.2830116748809814
Symmetric Quadratic,8,42,3300,3.2759032249450684
Symmetric Quadratic,8,42,3325,3.2744228839874268
Symmetric Quadratic,8,42,3350,3.26200532913208
Symmetric Quadratic,8,42,3375,3.2753653526306152
Symmetric Quadratic,8,42,3400,3.282756805419922
Symmetric Quadratic,8,42,3425,3.2777199745178223
Symmetric Quadratic,8,42,3450,3.2772507667541504
Symmetric Quadratic,8,42,3475,3.2912096977233887
Symmetric Quadratic,8,42,3500,3.2612974643707275
Symmetric Quadratic,8,42,3525,3.251375913619995
Symmetric Quadratic,8,42,3550,3.2636466026306152
Symmetric Quadratic,8,42,3575,3.2908241748809814
Symmetric Quadratic,8,42,3600,3.301090955734253
Symmetric Quadratic,8,42,3625,3.3235511779785156
Symmetric Quadratic,8,42,3650,3.305388927459717
Symmetric Quadratic,8,42,3675,3.2884325981140137
Symmetric Quadratic,8,42,3700,3.2981836795806885
Symmetric Quadratic,8,42,3725,3.2990589141845703
Symmetric Quadratic,8,42,3750,3.274304151535034
Symmetric Quadratic,8,42,3775,3.2499899864196777
Symmetric Quadratic,8,42,3800,3.2698493003845215
Symmetric Quadratic,8,42,3825,3.2595877647399902
Symmetric Quadratic,8,42,3850,3.247535467147827
Symmetric Quadratic,8,42,3875,3.276538372039795
Symmetric Quadratic,8,42,3900,3.275383472442627
Symmetric Quadratic,8,42,3925,3.2547574043273926
Symmetric Quadratic,8,42,3950,3.2134902477264404
Symmetric Quadratic,8,42,3975,3.2216334342956543
Symmetric Quadratic,8,42,4000,3.236079692840576
Symmetric Quadratic,8,42,4025,3.2357707023620605
Symmetric Quadratic,8,42,4050,3.2435178756713867
Symmetric Quadratic,8,42,4075,3.2571816444396973
Symmetric Quadratic,8,42,4100,3.262003183364868
Symmetric Quadratic,8,42,4125,3.24851655960083
Symmetric Quadratic,8,42,4150,3.234592914581299
Symmetric Quadratic,8,42,4175,3.215787649154663
Symmetric Quadratic,8,42,4200,3.246095895767212
Symmetric Quadratic,8,42,4225,3.256924629211426
Symmetric Quadratic,8,42,4250,3.235090732574463
Symmetric Quadratic,8,42,4275,3.2542643547058105
Symmetric Quadratic,8,42,4300,3.27004337310791
Symmetric Quadratic,8,42,4325,3.255119562149048
Symmetric Quadratic,8,42,4350,3.257580518722534
Symmetric Quadratic,8,42,4375,3.259557008743286
Symmetric Quadratic,8,42,4400,3.2348456382751465
Symmetric Quadratic,8,42,4425,3.2267346382141113
Symmetric Quadratic,8,42,4450,3.2698018550872803
Symmetric Quadratic,8,42,4475,3.2900071144104004
Symmetric Quadratic,8,42,4500,3.2715110778808594
Symmetric Quadratic,8,42,4525,3.275402545928955
Symmetric Quadratic,8,42,4550,3.279116630554199
Symmetric Quadratic,8,42,4575,3.2849090099334717
Symmetric Quadratic,8,42,4600,3.248631238937378
Symmetric Quadratic,8,42,4625,3.221245050430298
Symmetric Quadratic,8,42,4650,3.2299656867980957
Symmetric Quadratic,8,42,4675,3.2081775665283203
Symmetric Quadratic,8,42,4700,3.2284903526306152
Symmetric Quadratic,8,42,4725,3.2367124557495117
Symmetric Quadratic,8,42,4750,3.2350950241088867
Symmetric Quadratic,8,42,4775,3.230982780456543
Symmetric Quadratic,8,42,4800,3.230404853820801
Symmetric Quadratic,8,42,4825,3.239809989929199
Symmetric Quadratic,8,42,4850,3.252756118774414
Symmetric Quadratic,8,42,4875,3.2365264892578125
Symmetric Quadratic,8,42,4900,3.2392351627349854
Symmetric Quadratic,8,42,4925,3.2595977783203125
Symmetric Quadratic,8,42,4950,3.260465145111084
Symmetric Quadratic,8,42,4975,3.234931468963623
Symmetric Quadratic,8,42,5000,3.2468934059143066
LoRA,8,456,1,3.8304810523986816
LoRA,8,456,25,3.8249504566192627
LoRA,8,456,50,3.805149555206299
LoRA,8,456,75,3.776772975921631
LoRA,8,456,100,3.7431983947753906
LoRA,8,456,125,3.6989755630493164
LoRA,8,456,150,3.6479735374450684
LoRA,8,456,175,3.6366984844207764
LoRA,8,456,200,3.6308562755584717
LoRA,8,456,225,3.627910614013672
LoRA,8,456,250,3.632174491882324
LoRA,8,456,275,3.636509895324707
LoRA,8,456,300,3.609489917755127
LoRA,8,456,325,3.6123147010803223
LoRA,8,456,350,3.6110923290252686
LoRA,8,456,375,3.616000175476074
LoRA,8,456,400,3.5869245529174805
LoRA,8,456,425,3.6042842864990234
LoRA,8,456,450,3.5594208240509033
LoRA,8,456,475,3.5675783157348633
LoRA,8,456,500,3.5740604400634766
LoRA,8,456,525,3.5470986366271973
LoRA,8,456,550,3.552274703979492
LoRA,8,456,575,3.561596155166626
LoRA,8,456,600,3.5579824447631836
LoRA,8,456,625,3.5607333183288574
LoRA,8,456,650,3.5658135414123535
LoRA,8,456,675,3.5729053020477295
LoRA,8,456,700,3.570338249206543
LoRA,8,456,725,3.5699100494384766
LoRA,8,456,750,3.572188138961792
LoRA,8,456,775,3.5756828784942627
LoRA,8,456,800,3.5791752338409424
LoRA,8,456,825,3.5729141235351562
LoRA,8,456,850,3.570847988128662
LoRA,8,456,875,3.5645971298217773
LoRA,8,456,900,3.557011127471924
LoRA,8,456,925,3.5536258220672607
LoRA,8,456,950,3.5382800102233887
LoRA,8,456,975,3.541090965270996
LoRA,8,456,1000,3.542550802230835
LoRA,8,456,1025,3.548771858215332
LoRA,8,456,1050,3.5379695892333984
LoRA,8,456,1075,3.5470027923583984
LoRA,8,456,1100,3.550088405609131
LoRA,8,456,1125,3.536153793334961
LoRA,8,456,1150,3.516772747039795
LoRA,8,456,1175,3.5254921913146973
LoRA,8,456,1200,3.5294973850250244
LoRA,8,456,1225,3.5127623081207275
LoRA,8,456,1250,3.49783992767334
LoRA,8,456,1275,3.4939427375793457
LoRA,8,456,1300,3.4913275241851807
LoRA,8,456,1325,3.4971702098846436
LoRA,8,456,1350,3.5094521045684814
LoRA,8,456,1375,3.5013532638549805
LoRA,8,456,1400,3.4888007640838623
LoRA,8,456,1425,3.4873337745666504
LoRA,8,456,1450,3.465909719467163
LoRA,8,456,1475,3.458847761154175
LoRA,8,456,1500,3.4615485668182373
LoRA,8,456,1525,3.4442477226257324
LoRA,8,456,1550,3.4699535369873047
LoRA,8,456,1575,3.4422969818115234
LoRA,8,456,1600,3.447396755218506
LoRA,8,456,1625,3.4542298316955566
LoRA,8,456,1650,3.437741756439209
LoRA,8,456,1675,3.436875581741333
LoRA,8,456,1700,3.444182872772217
LoRA,8,456,1725,3.441659450531006
LoRA,8,456,1750,3.4429564476013184
LoRA,8,456,1775,3.45131778717041
LoRA,8,456,1800,3.4370737075805664
LoRA,8,456,1825,3.4475460052490234
LoRA,8,456,1850,3.460261821746826
LoRA,8,456,1875,3.438396692276001
LoRA,8,456,1900,3.421964168548584
LoRA,8,456,1925,3.4271492958068848
LoRA,8,456,1950,3.4342782497406006
LoRA,8,456,1975,3.428363561630249
LoRA,8,456,2000,3.427806854248047
LoRA,8,456,2025,3.446589469909668
LoRA,8,456,2050,3.436913013458252
LoRA,8,456,2075,3.434793710708618
LoRA,8,456,2100,3.4175777435302734
LoRA,8,456,2125,3.4245474338531494
LoRA,8,456,2150,3.425431966781616
LoRA,8,456,2175,3.423124313354492
LoRA,8,456,2200,3.404367208480835
LoRA,8,456,2225,3.3814051151275635
LoRA,8,456,2250,3.3870863914489746
LoRA,8,456,2275,3.374539375305176
LoRA,8,456,2300,3.381269931793213
LoRA,8,456,2325,3.3880019187927246
LoRA,8,456,2350,3.383739471435547
LoRA,8,456,2375,3.380603075027466
LoRA,8,456,2400,3.3779690265655518
LoRA,8,456,2425,3.367611885070801
LoRA,8,456,2450,3.3564839363098145
LoRA,8,456,2475,3.3768115043640137
LoRA,8,456,2500,3.3832850456237793
LoRA,8,456,2525,3.3764138221740723
LoRA,8,456,2550,3.373013734817505
LoRA,8,456,2575,3.3787107467651367
LoRA,8,456,2600,3.3923959732055664
LoRA,8,456,2625,3.3940563201904297
LoRA,8,456,2650,3.3997042179107666
LoRA,8,456,2675,3.3961730003356934
LoRA,8,456,2700,3.408379077911377
LoRA,8,456,2725,3.4038147926330566
LoRA,8,456,2750,3.3808393478393555
LoRA,8,456,2775,3.367675304412842
LoRA,8,456,2800,3.376744031906128
LoRA,8,456,2825,3.3685574531555176
LoRA,8,456,2850,3.339618682861328
LoRA,8,456,2875,3.3291304111480713
LoRA,8,456,2900,3.3449621200561523
LoRA,8,456,2925,3.360781192779541
LoRA,8,456,2950,3.348799467086792
LoRA,8,456,2975,3.3554086685180664
LoRA,8,456,3000,3.3497567176818848
LoRA,8,456,3025,3.344717025756836
LoRA,8,456,3050,3.353257656097412
LoRA,8,456,3075,3.342799425125122
LoRA,8,456,3100,3.3464269638061523
LoRA,8,456,3125,3.356424331665039
LoRA,8,456,3150,3.3479671478271484
LoRA,8,456,3175,3.351940870285034
LoRA,8,456,3200,3.3501296043395996
LoRA,8,456,3225,3.3355064392089844
LoRA,8,456,3250,3.3311092853546143
LoRA,8,456,3275,3.3346781730651855
LoRA,8,456,3300,3.3345141410827637
LoRA,8,456,3325,3.330838441848755
LoRA,8,456,3350,3.3322055339813232
LoRA,8,456,3375,3.3381261825561523
LoRA,8,456,3400,3.3413310050964355
LoRA,8,456,3425,3.3396711349487305
LoRA,8,456,3450,3.3359646797180176
LoRA,8,456,3475,3.3411331176757812
LoRA,8,456,3500,3.330141067504883
LoRA,8,456,3525,3.320308208465576
LoRA,8,456,3550,3.3203840255737305
LoRA,8,456,3575,3.3378334045410156
LoRA,8,456,3600,3.3438711166381836
LoRA,8,456,3625,3.361407995223999
LoRA,8,456,3650,3.3600027561187744
LoRA,8,456,3675,3.350287675857544
LoRA,8,456,3700,3.3519318103790283
LoRA,8,456,3725,3.346768617630005
LoRA,8,456,3750,3.3354525566101074
LoRA,8,456,3775,3.3175525665283203
LoRA,8,456,3800,3.32600998878479
LoRA,8,456,3825,3.324241876602173
LoRA,8,456,3850,3.317396640777588
LoRA,8,456,3875,3.3360161781311035
LoRA,8,456,3900,3.3361244201660156
LoRA,8,456,3925,3.3245961666107178
LoRA,8,456,3950,3.2909867763519287
LoRA,8,456,3975,3.2825734615325928
LoRA,8,456,4000,3.2941575050354004
LoRA,8,456,4025,3.298050880432129
LoRA,8,456,4050,3.3014183044433594
LoRA,8,456,4075,3.302478313446045
LoRA,8,456,4100,3.3095815181732178
LoRA,8,456,4125,3.309779644012451
LoRA,8,456,4150,3.3038926124572754
LoRA,8,456,4175,3.2860443592071533
LoRA,8,456,4200,3.2981560230255127
LoRA,8,456,4225,3.3086204528808594
LoRA,8,456,4250,3.301987648010254
LoRA,8,456,4275,3.3142950534820557
LoRA,8,456,4300,3.3170714378356934
LoRA,8,456,4325,3.3113839626312256
LoRA,8,456,4350,3.3104805946350098
LoRA,8,456,4375,3.315227508544922
LoRA,8,456,4400,3.3002607822418213
LoRA,8,456,4425,3.2906463146209717
LoRA,8,456,4450,3.3112473487854004
LoRA,8,456,4475,3.336146831512451
LoRA,8,456,4500,3.3163228034973145
LoRA,8,456,4525,3.317486524581909
LoRA,8,456,4550,3.3233871459960938
LoRA,8,456,4575,3.3268914222717285
LoRA,8,456,4600,3.3060622215270996
LoRA,8,456,4625,3.2858316898345947
LoRA,8,456,4650,3.28800368309021
LoRA,8,456,4675,3.2745509147644043
LoRA,8,456,4700,3.2835030555725098
LoRA,8,456,4725,3.284067153930664
LoRA,8,456,4750,3.286320209503174
LoRA,8,456,4775,3.2885239124298096
LoRA,8,456,4800,3.2864646911621094
LoRA,8,456,4825,3.2890334129333496
LoRA,8,456,4850,3.2970733642578125
LoRA,8,456,4875,3.2946839332580566
LoRA,8,456,4900,3.289219379425049
LoRA,8,456,4925,3.2985033988952637
LoRA,8,456,4950,3.3006415367126465
LoRA,8,456,4975,3.2845282554626465
LoRA,8,456,5000,3.2931363582611084
LoRA,2,456,1,3.8299856185913086
LoRA,2,456,25,3.830988883972168
LoRA,2,456,50,3.8244199752807617
LoRA,2,456,75,3.8131983280181885
LoRA,2,456,100,3.7985339164733887
LoRA,2,456,125,3.7756104469299316
LoRA,2,456,150,3.751797676086426
LoRA,2,456,175,3.72731876373291
LoRA,2,456,200,3.703763961791992
LoRA,2,456,225,3.692434787750244
LoRA,2,456,250,3.690420150756836
LoRA,2,456,275,3.690847396850586
LoRA,2,456,300,3.661829948425293
LoRA,2,456,325,3.667797565460205
LoRA,2,456,350,3.662338972091675
LoRA,2,456,375,3.6621150970458984
LoRA,2,456,400,3.647799491882324
LoRA,2,456,425,3.6550402641296387
LoRA,2,456,450,3.6192665100097656
LoRA,2,456,475,3.625459909439087
LoRA,2,456,500,3.6309893131256104
LoRA,2,456,525,3.5935709476470947
LoRA,2,456,550,3.5999574661254883
LoRA,2,456,575,3.609470844268799
LoRA,2,456,600,3.611125946044922
LoRA,2,456,625,3.612746238708496
LoRA,2,456,650,3.6034317016601562
LoRA,2,456,675,3.6164965629577637
LoRA,2,456,700,3.6088953018188477
LoRA,2,456,725,3.6095056533813477
LoRA,2,456,750,3.6090104579925537
LoRA,2,456,775,3.6164841651916504
LoRA,2,456,800,3.6187963485717773
LoRA,2,456,825,3.6084442138671875
LoRA,2,456,850,3.6085355281829834
LoRA,2,456,875,3.6010117530822754
LoRA,2,456,900,3.599186420440674
LoRA,2,456,925,3.601595878601074
LoRA,2,456,950,3.57706356048584
LoRA,2,456,975,3.584958076477051
LoRA,2,456,1000,3.593142032623291
LoRA,2,456,1025,3.5952062606811523
LoRA,2,456,1050,3.584923028945923
LoRA,2,456,1075,3.5968685150146484
LoRA,2,456,1100,3.6017234325408936
LoRA,2,456,1125,3.592832088470459
LoRA,2,456,1150,3.579633951187134
LoRA,2,456,1175,3.5830116271972656
LoRA,2,456,1200,3.584991931915283
LoRA,2,456,1225,3.574124813079834
LoRA,2,456,1250,3.559490442276001
LoRA,2,456,1275,3.555569648742676
LoRA,2,456,1300,3.560912609100342
LoRA,2,456,1325,3.5668387413024902
LoRA,2,456,1350,3.5843544006347656
LoRA,2,456,1375,3.571516990661621
LoRA,2,456,1400,3.5648245811462402
LoRA,2,456,1425,3.5651321411132812
LoRA,2,456,1450,3.5420069694519043
LoRA,2,456,1475,3.5374746322631836
LoRA,2,456,1500,3.5447840690612793
LoRA,2,456,1525,3.5334160327911377
LoRA,2,456,1550,3.561319589614868
LoRA,2,456,1575,3.539881467819214
LoRA,2,456,1600,3.54876708984375
LoRA,2,456,1625,3.5548667907714844
LoRA,2,456,1650,3.5421624183654785
LoRA,2,456,1675,3.5406713485717773
LoRA,2,456,1700,3.5464749336242676
LoRA,2,456,1725,3.539620876312256
LoRA,2,456,1750,3.539320945739746
LoRA,2,456,1775,3.5568954944610596
LoRA,2,456,1800,3.5414676666259766
LoRA,2,456,1825,3.558530569076538
LoRA,2,456,1850,3.570805549621582
LoRA,2,456,1875,3.5503811836242676
LoRA,2,456,1900,3.5374221801757812
LoRA,2,456,1925,3.5458779335021973
LoRA,2,456,1950,3.554976463317871
LoRA,2,456,1975,3.549208641052246
LoRA,2,456,2000,3.5418734550476074
LoRA,2,456,2025,3.5575027465820312
LoRA,2,456,2050,3.5463647842407227
LoRA,2,456,2075,3.5458288192749023
LoRA,2,456,2100,3.533951759338379
LoRA,2,456,2125,3.5387251377105713
LoRA,2,456,2150,3.5383498668670654
LoRA,2,456,2175,3.540562152862549
LoRA,2,456,2200,3.5212669372558594
LoRA,2,456,2225,3.4989657402038574
LoRA,2,456,2250,3.511791467666626
LoRA,2,456,2275,3.4963088035583496
LoRA,2,456,2300,3.5032529830932617
LoRA,2,456,2325,3.508188486099243
LoRA,2,456,2350,3.5106215476989746
LoRA,2,456,2375,3.5068182945251465
LoRA,2,456,2400,3.516411781311035
LoRA,2,456,2425,3.5024595260620117
LoRA,2,456,2450,3.491727828979492
LoRA,2,456,2475,3.5105249881744385
LoRA,2,456,2500,3.511183023452759
LoRA,2,456,2525,3.4929609298706055
LoRA,2,456,2550,3.5023298263549805
LoRA,2,456,2575,3.505080223083496
LoRA,2,456,2600,3.5206539630889893
LoRA,2,456,2625,3.5210907459259033
LoRA,2,456,2650,3.5257582664489746
LoRA,2,456,2675,3.5211105346679688
LoRA,2,456,2700,3.5346779823303223
LoRA,2,456,2725,3.52897572517395
LoRA,2,456,2750,3.5139546394348145
LoRA,2,456,2775,3.4953455924987793
LoRA,2,456,2800,3.508659839630127
LoRA,2,456,2825,3.501542568206787
LoRA,2,456,2850,3.4707632064819336
LoRA,2,456,2875,3.4758455753326416
LoRA,2,456,2900,3.4915404319763184
LoRA,2,456,2925,3.496608257293701
LoRA,2,456,2950,3.4911694526672363
LoRA,2,456,2975,3.4942846298217773
LoRA,2,456,3000,3.483898162841797
LoRA,2,456,3025,3.4883182048797607
LoRA,2,456,3050,3.4979777336120605
LoRA,2,456,3075,3.483449697494507
LoRA,2,456,3100,3.4899816513061523
LoRA,2,456,3125,3.498643159866333
LoRA,2,456,3150,3.4913132190704346
LoRA,2,456,3175,3.4932894706726074
LoRA,2,456,3200,3.5021963119506836
LoRA,2,456,3225,3.48684024810791
LoRA,2,456,3250,3.478459596633911
LoRA,2,456,3275,3.482056140899658
LoRA,2,456,3300,3.47977876663208
LoRA,2,456,3325,3.4839015007019043
LoRA,2,456,3350,3.477344036102295
LoRA,2,456,3375,3.490389823913574
LoRA,2,456,3400,3.496568202972412
LoRA,2,456,3425,3.4834518432617188
LoRA,2,456,3450,3.4857354164123535
LoRA,2,456,3475,3.491476058959961
LoRA,2,456,3500,3.467334270477295
LoRA,2,456,3525,3.4647111892700195
LoRA,2,456,3550,3.4727253913879395
LoRA,2,456,3575,3.4771957397460938
LoRA,2,456,3600,3.4904768466949463
LoRA,2,456,3625,3.50233793258667
LoRA,2,456,3650,3.503004550933838
LoRA,2,456,3675,3.493138551712036
LoRA,2,456,3700,3.4983816146850586
LoRA,2,456,3725,3.492755889892578
LoRA,2,456,3750,3.480402708053589
LoRA,2,456,3775,3.475714683532715
LoRA,2,456,3800,3.484011650085449
LoRA,2,456,3825,3.4797141551971436
LoRA,2,456,3850,3.4743990898132324
LoRA,2,456,3875,3.495757579803467
LoRA,2,456,3900,3.489255905151367
LoRA,2,456,3925,3.480010986328125
LoRA,2,456,3950,3.450627088546753
LoRA,2,456,3975,3.4465131759643555
LoRA,2,456,4000,3.4608423709869385
LoRA,2,456,4025,3.4612090587615967
LoRA,2,456,4050,3.4669339656829834
LoRA,2,456,4075,3.4774210453033447
LoRA,2,456,4100,3.4802894592285156
LoRA,2,456,4125,3.4852216243743896
LoRA,2,456,4150,3.472440242767334
LoRA,2,456,4175,3.451209783554077
LoRA,2,456,4200,3.471055507659912
LoRA,2,456,4225,3.478217840194702
LoRA,2,456,4250,3.4645779132843018
LoRA,2,456,4275,3.4830775260925293
LoRA,2,456,4300,3.4877867698669434
LoRA,2,456,4325,3.4852523803710938
LoRA,2,456,4350,3.4830918312072754
LoRA,2,456,4375,3.4830007553100586
LoRA,2,456,4400,3.4629621505737305
LoRA,2,456,4425,3.457284688949585
LoRA,2,456,4450,3.4791696071624756
LoRA,2,456,4475,3.49912691116333
LoRA,2,456,4500,3.4894137382507324
LoRA,2,456,4525,3.4916605949401855
LoRA,2,456,4550,3.492445468902588
LoRA,2,456,4575,3.492271900177002
LoRA,2,456,4600,3.467895269393921
LoRA,2,456,4625,3.4648303985595703
LoRA,2,456,4650,3.4579765796661377
LoRA,2,456,4675,3.441957473754883
LoRA,2,456,4700,3.459094524383545
LoRA,2,456,4725,3.4621448516845703
LoRA,2,456,4750,3.4668891429901123
LoRA,2,456,4775,3.465749740600586
LoRA,2,456,4800,3.4576313495635986
LoRA,2,456,4825,3.462247133255005
LoRA,2,456,4850,3.4722790718078613
LoRA,2,456,4875,3.471522331237793
LoRA,2,456,4900,3.4677109718322754
LoRA,2,456,4925,3.4752039909362793
LoRA,2,456,4950,3.478947639465332
LoRA,2,456,4975,3.459310531616211
LoRA,2,456,5000,3.4708802700042725
Symmetric Quadratic,1,42,1,3.8315815925598145
Symmetric Quadratic,1,42,25,3.805931568145752
Symmetric Quadratic,1,42,50,3.8001015186309814
Symmetric Quadratic,1,42,75,3.8031039237976074
Symmetric Quadratic,1,42,100,3.8049697875976562
Symmetric Quadratic,1,42,125,3.7748029232025146
Symmetric Quadratic,1,42,150,3.784909248352051
Symmetric Quadratic,1,42,175,3.7889163494110107
Symmetric Quadratic,1,42,200,3.793287992477417
Symmetric Quadratic,1,42,225,3.7708206176757812
Symmetric Quadratic,1,42,250,3.781489849090576
Symmetric Quadratic,1,42,275,3.7667958736419678
Symmetric Quadratic,1,42,300,3.738438367843628
Symmetric Quadratic,1,42,325,3.743894577026367
Symmetric Quadratic,1,42,350,3.7541935443878174
Symmetric Quadratic,1,42,375,3.772371768951416
Symmetric Quadratic,1,42,400,3.7304699420928955
Symmetric Quadratic,1,42,425,3.7525148391723633
Symmetric Quadratic,1,42,450,3.699612617492676
Symmetric Quadratic,1,42,475,3.725355386734009
Symmetric Quadratic,1,42,500,3.7258222103118896
Symmetric Quadratic,1,42,525,3.6853396892547607
Symmetric Quadratic,1,42,550,3.7353546619415283
Symmetric Quadratic,1,42,575,3.7169179916381836
Symmetric Quadratic,1,42,600,3.710452079772949
Symmetric Quadratic,1,42,625,3.710669994354248
Symmetric Quadratic,1,42,650,3.703850269317627
Symmetric Quadratic,1,42,675,3.755599021911621
Symmetric Quadratic,1,42,700,3.730242967605591
Symmetric Quadratic,1,42,725,3.7249138355255127
Symmetric Quadratic,1,42,750,3.717684268951416
Symmetric Quadratic,1,42,775,3.714665651321411
Symmetric Quadratic,1,42,800,3.741067409515381
Symmetric Quadratic,1,42,825,3.7523674964904785
Symmetric Quadratic,1,42,850,3.726310968399048
Symmetric Quadratic,1,42,875,3.725757360458374
Symmetric Quadratic,1,42,900,3.7268259525299072
Symmetric Quadratic,1,42,925,3.6940360069274902
Symmetric Quadratic,1,42,950,3.6614015102386475
Symmetric Quadratic,1,42,975,3.7285587787628174
Symmetric Quadratic,1,42,1000,3.7030415534973145
Symmetric Quadratic,1,42,1025,3.6937386989593506
Symmetric Quadratic,1,42,1050,3.6738667488098145
Symmetric Quadratic,1,42,1075,3.7476084232330322
Symmetric Quadratic,1,42,1100,3.6832895278930664
Symmetric Quadratic,1,42,1125,3.682119131088257
Symmetric Quadratic,1,42,1150,3.698868989944458
Symmetric Quadratic,1,42,1175,3.688673973083496
Symmetric Quadratic,1,42,1200,3.7028284072875977
Symmetric Quadratic,1,42,1225,3.635448694229126
Symmetric Quadratic,1,42,1250,3.657616138458252
Symmetric Quadratic,1,42,1275,3.671542167663574
Symmetric Quadratic,1,42,1300,3.6556456089019775
Symmetric Quadratic,1,42,1325,3.683739185333252
Symmetric Quadratic,1,42,1350,3.68605899810791
Symmetric Quadratic,1,42,1375,3.7092907428741455
Symmetric Quadratic,1,42,1400,3.645167350769043
Symmetric Quadratic,1,42,1425,3.6767983436584473
Symmetric Quadratic,1,42,1450,3.634603261947632
Symmetric Quadratic,1,42,1475,3.6641671657562256
Symmetric Quadratic,1,42,1500,3.6477417945861816
Symmetric Quadratic,1,42,1525,3.6286661624908447
Symmetric Quadratic,1,42,1550,3.671088933944702
Symmetric Quadratic,1,42,1575,3.625711679458618
Symmetric Quadratic,1,42,1600,3.692196846008301
Symmetric Quadratic,1,42,1625,3.6430857181549072
Symmetric Quadratic,1,42,1650,3.649529457092285
Symmetric Quadratic,1,42,1675,3.6311898231506348
Symmetric Quadratic,1,42,1700,3.6394386291503906
Symmetric Quadratic,1,42,1725,3.6540184020996094
Symmetric Quadratic,1,42,1750,3.6545798778533936
Symmetric Quadratic,1,42,1775,3.6730685234069824
Symmetric Quadratic,1,42,1800,3.6612472534179688
Symmetric Quadratic,1,42,1825,3.6778054237365723
Symmetric Quadratic,1,42,1850,3.6836745738983154
Symmetric Quadratic,1,42,1875,3.6448235511779785
Symmetric Quadratic,1,42,1900,3.638556718826294
Symmetric Quadratic,1,42,1925,3.659961223602295
Symmetric Quadratic,1,42,1950,3.672100782394409
Symmetric Quadratic,1,42,1975,3.6491265296936035
Symmetric Quadratic,1,42,2000,3.6475887298583984
Symmetric Quadratic,1,42,2025,3.655571699142456
Symmetric Quadratic,1,42,2050,3.6266489028930664
Symmetric Quadratic,1,42,2075,3.6658594608306885
Symmetric Quadratic,1,42,2100,3.6439335346221924
Symmetric Quadratic,1,42,2125,3.6617794036865234
Symmetric Quadratic,1,42,2150,3.679191827774048
Symmetric Quadratic,1,42,2175,3.646397590637207
Symmetric Quadratic,1,42,2200,3.640462636947632
Symmetric Quadratic,1,42,2225,3.629595994949341
Symmetric Quadratic,1,42,2250,3.614302158355713
Symmetric Quadratic,1,42,2275,3.6207799911499023
Symmetric Quadratic,1,42,2300,3.6162285804748535
Symmetric Quadratic,1,42,2325,3.6316564083099365
Symmetric Quadratic,1,42,2350,3.621005058288574
Symmetric Quadratic,1,42,2375,3.6289188861846924
Symmetric Quadratic,1,42,2400,3.6260592937469482
Symmetric Quadratic,1,42,2425,3.6347343921661377
Symmetric Quadratic,1,42,2450,3.6170494556427
Symmetric Quadratic,1,42,2475,3.6331627368927
Symmetric Quadratic,1,42,2500,3.610891103744507
Symmetric Quadratic,1,42,2525,3.616069793701172
Symmetric Quadratic,1,42,2550,3.638529062271118
Symmetric Quadratic,1,42,2575,3.6305456161499023
Symmetric Quadratic,1,42,2600,3.624520778656006
Symmetric Quadratic,1,42,2625,3.636364698410034
Symmetric Quadratic,1,42,2650,3.6340410709381104
Symmetric Quadratic,1,42,2675,3.634795665740967
Symmetric Quadratic,1,42,2700,3.66402006149292
Symmetric Quadratic,1,42,2725,3.633187770843506
Symmetric Quadratic,1,42,2750,3.610779285430908
Symmetric Quadratic,1,42,2775,3.605116367340088
Symmetric Quadratic,1,42,2800,3.6226677894592285
Symmetric Quadratic,1,42,2825,3.6166539192199707
Symmetric Quadratic,1,42,2850,3.5793516635894775
Symmetric Quadratic,1,42,2875,3.6169323921203613
Symmetric Quadratic,1,42,2900,3.6023664474487305
Symmetric Quadratic,1,42,2925,3.606569766998291
Symmetric Quadratic,1,42,2950,3.599968910217285
Symmetric Quadratic,1,42,2975,3.5994045734405518
Symmetric Quadratic,1,42,3000,3.6095399856567383
Symmetric Quadratic,1,42,3025,3.5957298278808594
Symmetric Quadratic,1,42,3050,3.600135087966919
Symmetric Quadratic,1,42,3075,3.5613551139831543
Symmetric Quadratic,1,42,3100,3.610623836517334
Symmetric Quadratic,1,42,3125,3.605767250061035
Symmetric Quadratic,1,42,3150,3.584136962890625
Symmetric Quadratic,1,42,3175,3.5971295833587646
Symmetric Quadratic,1,42,3200,3.611088752746582
Symmetric Quadratic,1,42,3225,3.5669822692871094
Symmetric Quadratic,1,42,3250,3.5772132873535156
Symmetric Quadratic,1,42,3275,3.5794332027435303
Symmetric Quadratic,1,42,3300,3.5743069648742676
Symmetric Quadratic,1,42,3325,3.57106876373291
Symmetric Quadratic,1,42,3350,3.5686659812927246
Symmetric Quadratic,1,42,3375,3.5842056274414062
Symmetric Quadratic,1,42,3400,3.5870792865753174
Symmetric Quadratic,1,42,3425,3.567034959793091
Symmetric Quadratic,1,42,3450,3.5715267658233643
Symmetric Quadratic,1,42,3475,3.6077146530151367
Symmetric Quadratic,1,42,3500,3.5683822631835938
Symmetric Quadratic,1,42,3525,3.5615291595458984
Symmetric Quadratic,1,42,3550,3.5569381713867188
Symmetric Quadratic,1,42,3575,3.5707597732543945
Symmetric Quadratic,1,42,3600,3.5908310413360596
Symmetric Quadratic,1,42,3625,3.6306066513061523
Symmetric Quadratic,1,42,3650,3.5867650508880615
Symmetric Quadratic,1,42,3675,3.5833773612976074
Symmetric Quadratic,1,42,3700,3.581008195877075
Symmetric Quadratic,1,42,3725,3.5824832916259766
Symmetric Quadratic,1,42,3750,3.5628089904785156
Symmetric Quadratic,1,42,3775,3.5432286262512207
Symmetric Quadratic,1,42,3800,3.602200984954834
Symmetric Quadratic,1,42,3825,3.5652432441711426
Symmetric Quadratic,1,42,3850,3.5598549842834473
Symmetric Quadratic,1,42,3875,3.59468150138855
Symmetric Quadratic,1,42,3900,3.5485169887542725
Symmetric Quadratic,1,42,3925,3.7534191608428955
Symmetric Quadratic,1,42,3950,3.523754596710205
Symmetric Quadratic,1,42,3975,3.5390892028808594
Symmetric Quadratic,1,42,4000,3.5370121002197266
Symmetric Quadratic,1,42,4025,3.5571248531341553
Symmetric Quadratic,1,42,4050,3.564185380935669
Symmetric Quadratic,1,42,4075,3.5467300415039062
Symmetric Quadratic,1,42,4100,3.5754449367523193
Symmetric Quadratic,1,42,4125,3.543607234954834
Symmetric Quadratic,1,42,4150,3.537975549697876
Symmetric Quadratic,1,42,4175,3.5259413719177246
Symmetric Quadratic,1,42,4200,3.542088270187378
Symmetric Quadratic,1,42,4225,3.5496840476989746
Symmetric Quadratic,1,42,4250,3.5485661029815674
Symmetric Quadratic,1,42,4275,3.558993339538574
Symmetric Quadratic,1,42,4300,3.5384769439697266
Symmetric Quadratic,1,42,4325,3.551708221435547
Symmetric Quadratic,1,42,4350,3.5437638759613037
Symmetric Quadratic,1,42,4375,3.5607895851135254
Symmetric Quadratic,1,42,4400,3.5247716903686523
Symmetric Quadratic,1,42,4425,3.525214195251465
Symmetric Quadratic,1,42,4450,3.5628364086151123
Symmetric Quadratic,1,42,4475,3.550333261489868
Symmetric Quadratic,1,42,4500,3.573652505874634
Symmetric Quadratic,1,42,4525,3.5482211112976074
Symmetric Quadratic,1,42,4550,3.5522212982177734
Symmetric Quadratic,1,42,4575,3.5676846504211426
Symmetric Quadratic,1,42,4600,3.5321452617645264
Symmetric Quadratic,1,42,4625,3.5206828117370605
Symmetric Quadratic,1,42,4650,3.5419960021972656
Symmetric Quadratic,1,42,4675,3.5195345878601074
Symmetric Quadratic,1,42,4700,3.5309977531433105
Symmetric Quadratic,1,42,4725,3.526811122894287
Symmetric Quadratic,1,42,4750,3.5299041271209717
Symmetric Quadratic,1,42,4775,3.5305464267730713
Symmetric Quadratic,1,42,4800,3.530059576034546
Symmetric Quadratic,1,42,4825,3.542518138885498
Symmetric Quadratic,1,42,4850,3.5483970642089844
Symmetric Quadratic,1,42,4875,3.529139518737793
Symmetric Quadratic,1,42,4900,3.5387184619903564
Symmetric Quadratic,1,42,4925,3.530210494995117
Symmetric Quadratic,1,42,4950,3.530362606048584
Symmetric Quadratic,1,42,4975,3.522822380065918
Symmetric Quadratic,1,42,5000,3.5488882064819336
LoRA,8,123,1,3.829373836517334
LoRA,8,123,25,3.827148914337158
LoRA,8,123,50,3.81488037109375
LoRA,8,123,75,3.7991018295288086
LoRA,8,123,100,3.7765536308288574
LoRA,8,123,125,3.7400197982788086
LoRA,8,123,150,3.704211711883545
LoRA,8,123,175,3.69986891746521
LoRA,8,123,200,3.6822142601013184
LoRA,8,123,225,3.644261598587036
LoRA,8,123,250,3.6282248497009277
LoRA,8,123,275,3.6319503784179688
LoRA,8,123,300,3.611426591873169
LoRA,8,123,325,3.6101584434509277
LoRA,8,123,350,3.61423921585083
LoRA,8,123,375,3.6154799461364746
LoRA,8,123,400,3.5969765186309814
LoRA,8,123,425,3.603525400161743
LoRA,8,123,450,3.568730354309082
LoRA,8,123,475,3.5723118782043457
LoRA,8,123,500,3.572988986968994
LoRA,8,123,525,3.5479471683502197
LoRA,8,123,550,3.5585687160491943
LoRA,8,123,575,3.560086488723755
LoRA,8,123,600,3.5578675270080566
LoRA,8,123,625,3.5545098781585693
LoRA,8,123,650,3.559865713119507
LoRA,8,123,675,3.567655324935913
LoRA,8,123,700,3.565680980682373
LoRA,8,123,725,3.5622048377990723
LoRA,8,123,750,3.569938898086548
LoRA,8,123,775,3.562312602996826
LoRA,8,123,800,3.5693514347076416
LoRA,8,123,825,3.5699949264526367
LoRA,8,123,850,3.566087484359741
LoRA,8,123,875,3.565329074859619
LoRA,8,123,900,3.5575578212738037
LoRA,8,123,925,3.5516693592071533
LoRA,8,123,950,3.5343146324157715
LoRA,8,123,975,3.5359137058258057
LoRA,8,123,1000,3.536332845687866
LoRA,8,123,1025,3.540862560272217
LoRA,8,123,1050,3.5360355377197266
LoRA,8,123,1075,3.5463626384735107
LoRA,8,123,1100,3.547779083251953
LoRA,8,123,1125,3.5354835987091064
LoRA,8,123,1150,3.5159218311309814
LoRA,8,123,1175,3.5203609466552734
LoRA,8,123,1200,3.5271735191345215
LoRA,8,123,1225,3.5084617137908936
LoRA,8,123,1250,3.4978182315826416
LoRA,8,123,1275,3.494812488555908
LoRA,8,123,1300,3.4892501831054688
LoRA,8,123,1325,3.4920825958251953
LoRA,8,123,1350,3.5071942806243896
LoRA,8,123,1375,3.5023353099823
LoRA,8,123,1400,3.495110511779785
LoRA,8,123,1425,3.493718385696411
LoRA,8,123,1450,3.4725520610809326
LoRA,8,123,1475,3.46730375289917
LoRA,8,123,1500,3.468830108642578
LoRA,8,123,1525,3.4567055702209473
LoRA,8,123,1550,3.4763269424438477
LoRA,8,123,1575,3.457360029220581
LoRA,8,123,1600,3.4640979766845703
LoRA,8,123,1625,3.471853494644165
LoRA,8,123,1650,3.4545958042144775
LoRA,8,123,1675,3.4542441368103027
LoRA,8,123,1700,3.460850238800049
LoRA,8,123,1725,3.458038806915283
LoRA,8,123,1750,3.457613945007324
LoRA,8,123,1775,3.462369441986084
LoRA,8,123,1800,3.4563136100769043
LoRA,8,123,1825,3.463348388671875
LoRA,8,123,1850,3.479008436203003
LoRA,8,123,1875,3.456528663635254
LoRA,8,123,1900,3.437077760696411
LoRA,8,123,1925,3.446277141571045
LoRA,8,123,1950,3.45216703414917
LoRA,8,123,1975,3.4456214904785156
LoRA,8,123,2000,3.44113826751709
LoRA,8,123,2025,3.462740898132324
LoRA,8,123,2050,3.458489418029785
LoRA,8,123,2075,3.447946786880493
LoRA,8,123,2100,3.4372200965881348
LoRA,8,123,2125,3.4388856887817383
LoRA,8,123,2150,3.438750982284546
LoRA,8,123,2175,3.4469852447509766
LoRA,8,123,2200,3.4271903038024902
LoRA,8,123,2225,3.4074161052703857
LoRA,8,123,2250,3.4105777740478516
LoRA,8,123,2275,3.402359962463379
LoRA,8,123,2300,3.410244941711426
LoRA,8,123,2325,3.4133994579315186
LoRA,8,123,2350,3.401188373565674
LoRA,8,123,2375,3.401796340942383
LoRA,8,123,2400,3.402972936630249
LoRA,8,123,2425,3.395902156829834
LoRA,8,123,2450,3.3812978267669678
LoRA,8,123,2475,3.394680976867676
LoRA,8,123,2500,3.398411273956299
LoRA,8,123,2525,3.3910861015319824
LoRA,8,123,2550,3.386704206466675
LoRA,8,123,2575,3.3888344764709473
LoRA,8,123,2600,3.4048473834991455
LoRA,8,123,2625,3.4030513763427734
LoRA,8,123,2650,3.404343605041504
LoRA,8,123,2675,3.400947093963623
LoRA,8,123,2700,3.4064486026763916
LoRA,8,123,2725,3.4071619510650635
LoRA,8,123,2750,3.3950767517089844
LoRA,8,123,2775,3.375364303588867
LoRA,8,123,2800,3.387784957885742
LoRA,8,123,2825,3.3772029876708984
LoRA,8,123,2850,3.3575265407562256
LoRA,8,123,2875,3.347900867462158
LoRA,8,123,2900,3.363772392272949
LoRA,8,123,2925,3.3705997467041016
LoRA,8,123,2950,3.3632938861846924
LoRA,8,123,2975,3.372335195541382
LoRA,8,123,3000,3.3679633140563965
LoRA,8,123,3025,3.362523078918457
LoRA,8,123,3050,3.365043878555298
LoRA,8,123,3075,3.356464385986328
LoRA,8,123,3100,3.35957932472229
LoRA,8,123,3125,3.366056442260742
LoRA,8,123,3150,3.365509033203125
LoRA,8,123,3175,3.3715991973876953
LoRA,8,123,3200,3.3694217205047607
LoRA,8,123,3225,3.3575823307037354
LoRA,8,123,3250,3.347137689590454
LoRA,8,123,3275,3.3484396934509277
LoRA,8,123,3300,3.3447628021240234
LoRA,8,123,3325,3.3418943881988525
LoRA,8,123,3350,3.3419766426086426
LoRA,8,123,3375,3.346839666366577
LoRA,8,123,3400,3.355100631713867
LoRA,8,123,3425,3.3473026752471924
LoRA,8,123,3450,3.350321054458618
LoRA,8,123,3475,3.3577938079833984
LoRA,8,123,3500,3.3504559993743896
LoRA,8,123,3525,3.337998867034912
LoRA,8,123,3550,3.3336095809936523
LoRA,8,123,3575,3.341919183731079
LoRA,8,123,3600,3.352847099304199
LoRA,8,123,3625,3.3602452278137207
LoRA,8,123,3650,3.36165714263916
LoRA,8,123,3675,3.3542280197143555
LoRA,8,123,3700,3.3543739318847656
LoRA,8,123,3725,3.357989549636841
LoRA,8,123,3750,3.3484671115875244
LoRA,8,123,3775,3.328619956970215
LoRA,8,123,3800,3.333641529083252
LoRA,8,123,3825,3.3327298164367676
LoRA,8,123,3850,3.3193609714508057
LoRA,8,123,3875,3.3361942768096924
LoRA,8,123,3900,3.3401803970336914
LoRA,8,123,3925,3.3315651416778564
LoRA,8,123,3950,3.2965307235717773
LoRA,8,123,3975,3.2910656929016113
LoRA,8,123,4000,3.302293300628662
LoRA,8,123,4025,3.3011441230773926
LoRA,8,123,4050,3.299161434173584
LoRA,8,123,4075,3.304062843322754
LoRA,8,123,4100,3.3117032051086426
LoRA,8,123,4125,3.309065580368042
LoRA,8,123,4150,3.3044593334198
LoRA,8,123,4175,3.2906579971313477
LoRA,8,123,4200,3.3029274940490723
LoRA,8,123,4225,3.3113694190979004
LoRA,8,123,4250,3.3033764362335205
LoRA,8,123,4275,3.3116023540496826
LoRA,8,123,4300,3.3185362815856934
LoRA,8,123,4325,3.3127121925354004
LoRA,8,123,4350,3.3110952377319336
LoRA,8,123,4375,3.3180856704711914
LoRA,8,123,4400,3.3090386390686035
LoRA,8,123,4425,3.2986600399017334
LoRA,8,123,4450,3.315458297729492
LoRA,8,123,4475,3.3421363830566406
LoRA,8,123,4500,3.3242225646972656
LoRA,8,123,4525,3.3247547149658203
LoRA,8,123,4550,3.3299455642700195
LoRA,8,123,4575,3.340038776397705
LoRA,8,123,4600,3.317962646484375
LoRA,8,123,4625,3.2986836433410645
LoRA,8,123,4650,3.300370216369629
LoRA,8,123,4675,3.283278465270996
LoRA,8,123,4700,3.289104461669922
LoRA,8,123,4725,3.2931952476501465
LoRA,8,123,4750,3.2939958572387695
LoRA,8,123,4775,3.2960500717163086
LoRA,8,123,4800,3.2918198108673096
LoRA,8,123,4825,3.288546085357666
LoRA,8,123,4850,3.303593397140503
LoRA,8,123,4875,3.3057425022125244
LoRA,8,123,4900,3.2991909980773926
LoRA,8,123,4925,3.3100223541259766
LoRA,8,123,4950,3.3118577003479004
LoRA,8,123,4975,3.2984495162963867
LoRA,8,123,5000,3.3067381381988525
Symmetric Quadratic,4,456,1,3.8293776512145996
Symmetric Quadratic,4,456,25,3.8260138034820557
Symmetric Quadratic,4,456,50,3.8097338676452637
Symmetric Quadratic,4,456,75,3.79416561126709
Symmetric Quadratic,4,456,100,3.7740416526794434
Symmetric Quadratic,4,456,125,3.740813732147217
Symmetric Quadratic,4,456,150,3.693289279937744
Symmetric Quadratic,4,456,175,3.6656951904296875
Symmetric Quadratic,4,456,200,3.6500418186187744
Symmetric Quadratic,4,456,225,3.6354312896728516
Symmetric Quadratic,4,456,250,3.6295580863952637
Symmetric Quadratic,4,456,275,3.631464958190918
Symmetric Quadratic,4,456,300,3.598369598388672
Symmetric Quadratic,4,456,325,3.6108267307281494
Symmetric Quadratic,4,456,350,3.601959228515625
Symmetric Quadratic,4,456,375,3.6045682430267334
Symmetric Quadratic,4,456,400,3.5732967853546143
Symmetric Quadratic,4,456,425,3.6095199584960938
Symmetric Quadratic,4,456,450,3.55271315574646
Symmetric Quadratic,4,456,475,3.561568021774292
Symmetric Quadratic,4,456,500,3.563937187194824
Symmetric Quadratic,4,456,525,3.5265026092529297
Symmetric Quadratic,4,456,550,3.541825294494629
Symmetric Quadratic,4,456,575,3.5494391918182373
Symmetric Quadratic,4,456,600,3.545668125152588
Symmetric Quadratic,4,456,625,3.5431718826293945
Symmetric Quadratic,4,456,650,3.537876605987549
Symmetric Quadratic,4,456,675,3.546149253845215
Symmetric Quadratic,4,456,700,3.5424163341522217
Symmetric Quadratic,4,456,725,3.5356409549713135
Symmetric Quadratic,4,456,750,3.5411152839660645
Symmetric Quadratic,4,456,775,3.5465071201324463
Symmetric Quadratic,4,456,800,3.5431792736053467
Symmetric Quadratic,4,456,825,3.5393662452697754
Symmetric Quadratic,4,456,850,3.5251498222351074
Symmetric Quadratic,4,456,875,3.5137948989868164
Symmetric Quadratic,4,456,900,3.5201878547668457
Symmetric Quadratic,4,456,925,3.5127358436584473
Symmetric Quadratic,4,456,950,3.490832567214966
Symmetric Quadratic,4,456,975,3.5088119506835938
Symmetric Quadratic,4,456,1000,3.500020980834961
Symmetric Quadratic,4,456,1025,3.492691993713379
Symmetric Quadratic,4,456,1050,3.4909884929656982
Symmetric Quadratic,4,456,1075,3.515028715133667
Symmetric Quadratic,4,456,1100,3.5083043575286865
Symmetric Quadratic,4,456,1125,3.4853057861328125
Symmetric Quadratic,4,456,1150,3.471747636795044
Symmetric Quadratic,4,456,1175,3.493204355239868
Symmetric Quadratic,4,456,1200,3.49776029586792
Symmetric Quadratic,4,456,1225,3.46037220954895
Symmetric Quadratic,4,456,1250,3.441143751144409
Symmetric Quadratic,4,456,1275,3.449899196624756
Symmetric Quadratic,4,456,1300,3.448251247406006
Symmetric Quadratic,4,456,1325,3.4669947624206543
Symmetric Quadratic,4,456,1350,3.4900267124176025
Symmetric Quadratic,4,456,1375,3.4648947715759277
Symmetric Quadratic,4,456,1400,3.4478492736816406
Symmetric Quadratic,4,456,1425,3.4497034549713135
Symmetric Quadratic,4,456,1450,3.4366261959075928
Symmetric Quadratic,4,456,1475,3.438098192214966
Symmetric Quadratic,4,456,1500,3.437039375305176
Symmetric Quadratic,4,456,1525,3.4185237884521484
Symmetric Quadratic,4,456,1550,3.4688940048217773
Symmetric Quadratic,4,456,1575,3.4224491119384766
Symmetric Quadratic,4,456,1600,3.444244146347046
Symmetric Quadratic,4,456,1625,3.4466781616210938
Symmetric Quadratic,4,456,1650,3.4217536449432373
Symmetric Quadratic,4,456,1675,3.421905040740967
Symmetric Quadratic,4,456,1700,3.428659439086914
Symmetric Quadratic,4,456,1725,3.435746192932129
Symmetric Quadratic,4,456,1750,3.4404807090759277
Symmetric Quadratic,4,456,1775,3.4375414848327637
Symmetric Quadratic,4,456,1800,3.422668933868408
Symmetric Quadratic,4,456,1825,3.440958023071289
Symmetric Quadratic,4,456,1850,3.4605045318603516
Symmetric Quadratic,4,456,1875,3.4256043434143066
Symmetric Quadratic,4,456,1900,3.407546043395996
Symmetric Quadratic,4,456,1925,3.4359447956085205
Symmetric Quadratic,4,456,1950,3.4308032989501953
Symmetric Quadratic,4,456,1975,3.4283251762390137
Symmetric Quadratic,4,456,2000,3.435250759124756
Symmetric Quadratic,4,456,2025,3.4561753273010254
Symmetric Quadratic,4,456,2050,3.436307907104492
Symmetric Quadratic,4,456,2075,3.4267282485961914
Symmetric Quadratic,4,456,2100,3.406970739364624
Symmetric Quadratic,4,456,2125,3.4121975898742676
Symmetric Quadratic,4,456,2150,3.419860363006592
Symmetric Quadratic,4,456,2175,3.4177446365356445
Symmetric Quadratic,4,456,2200,3.3944268226623535
Symmetric Quadratic,4,456,2225,3.371338129043579
Symmetric Quadratic,4,456,2250,3.386035680770874
Symmetric Quadratic,4,456,2275,3.3602852821350098
Symmetric Quadratic,4,456,2300,3.3756160736083984
Symmetric Quadratic,4,456,2325,3.3809475898742676
Symmetric Quadratic,4,456,2350,3.373263359069824
Symmetric Quadratic,4,456,2375,3.3613007068634033
Symmetric Quadratic,4,456,2400,3.367428779602051
Symmetric Quadratic,4,456,2425,3.3482556343078613
Symmetric Quadratic,4,456,2450,3.3316702842712402
Symmetric Quadratic,4,456,2475,3.3727149963378906
Symmetric Quadratic,4,456,2500,3.361015558242798
Symmetric Quadratic,4,456,2525,3.3368849754333496
Symmetric Quadratic,4,456,2550,3.3395142555236816
Symmetric Quadratic,4,456,2575,3.3464467525482178
Symmetric Quadratic,4,456,2600,3.3812999725341797
Symmetric Quadratic,4,456,2625,3.384549617767334
Symmetric Quadratic,4,456,2650,3.3750600814819336
Symmetric Quadratic,4,456,2675,3.3551347255706787
Symmetric Quadratic,4,456,2700,3.384073495864868
Symmetric Quadratic,4,456,2725,3.366157293319702
Symmetric Quadratic,4,456,2750,3.3497848510742188
Symmetric Quadratic,4,456,2775,3.3298492431640625
Symmetric Quadratic,4,456,2800,3.3419883251190186
Symmetric Quadratic,4,456,2825,3.330716371536255
Symmetric Quadratic,4,456,2850,3.3048009872436523
Symmetric Quadratic,4,456,2875,3.297450542449951
Symmetric Quadratic,4,456,2900,3.3204312324523926
Symmetric Quadratic,4,456,2925,3.3446173667907715
Symmetric Quadratic,4,456,2950,3.3391342163085938
Symmetric Quadratic,4,456,2975,3.344543933868408
Symmetric Quadratic,4,456,3000,3.3239266872406006
Symmetric Quadratic,4,456,3025,3.3186511993408203
Symmetric Quadratic,4,456,3050,3.3321897983551025
Symmetric Quadratic,4,456,3075,3.3173131942749023
Symmetric Quadratic,4,456,3100,3.3308515548706055
Symmetric Quadratic,4,456,3125,3.334137439727783
Symmetric Quadratic,4,456,3150,3.3262929916381836
Symmetric Quadratic,4,456,3175,3.3328566551208496
Symmetric Quadratic,4,456,3200,3.3344621658325195
Symmetric Quadratic,4,456,3225,3.3035106658935547
Symmetric Quadratic,4,456,3250,3.3049302101135254
Symmetric Quadratic,4,456,3275,3.3064205646514893
Symmetric Quadratic,4,456,3300,3.312204360961914
Symmetric Quadratic,4,456,3325,3.3051352500915527
Symmetric Quadratic,4,456,3350,3.2909460067749023
Symmetric Quadratic,4,456,3375,3.3044557571411133
Symmetric Quadratic,4,456,3400,3.3215725421905518
Symmetric Quadratic,4,456,3425,3.307537078857422
Symmetric Quadratic,4,456,3450,3.309497117996216
Symmetric Quadratic,4,456,3475,3.3305819034576416
Symmetric Quadratic,4,456,3500,3.3003759384155273
Symmetric Quadratic,4,456,3525,3.2823171615600586
Symmetric Quadratic,4,456,3550,3.290266513824463
Symmetric Quadratic,4,456,3575,3.315164089202881
Symmetric Quadratic,4,456,3600,3.337507486343384
Symmetric Quadratic,4,456,3625,3.3518683910369873
Symmetric Quadratic,4,456,3650,3.3471333980560303
Symmetric Quadratic,4,456,3675,3.3193047046661377
Symmetric Quadratic,4,456,3700,3.3263742923736572
Symmetric Quadratic,4,456,3725,3.3176069259643555
Symmetric Quadratic,4,456,3750,3.308750867843628
Symmetric Quadratic,4,456,3775,3.2848246097564697
Symmetric Quadratic,4,456,3800,3.306492567062378
Symmetric Quadratic,4,456,3825,3.304384708404541
Symmetric Quadratic,4,456,3850,3.2920937538146973
Symmetric Quadratic,4,456,3875,3.322563409805298
Symmetric Quadratic,4,456,3900,3.3154525756835938
Symmetric Quadratic,4,456,3925,3.2968573570251465
Symmetric Quadratic,4,456,3950,3.2478842735290527
Symmetric Quadratic,4,456,3975,3.2663679122924805
Symmetric Quadratic,4,456,4000,3.2733590602874756
Symmetric Quadratic,4,456,4025,3.2735536098480225
Symmetric Quadratic,4,456,4050,3.280005931854248
Symmetric Quadratic,4,456,4075,3.296879768371582
Symmetric Quadratic,4,456,4100,3.3113462924957275
Symmetric Quadratic,4,456,4125,3.29478120803833
Symmetric Quadratic,4,456,4150,3.2827792167663574
Symmetric Quadratic,4,456,4175,3.2607028484344482
Symmetric Quadratic,4,456,4200,3.2981255054473877
Symmetric Quadratic,4,456,4225,3.3051416873931885
Symmetric Quadratic,4,456,4250,3.27838397026062
Symmetric Quadratic,4,456,4275,3.3105595111846924
Symmetric Quadratic,4,456,4300,3.3188390731811523
Symmetric Quadratic,4,456,4325,3.297856092453003
Symmetric Quadratic,4,456,4350,3.3024818897247314
Symmetric Quadratic,4,456,4375,3.3134961128234863
Symmetric Quadratic,4,456,4400,3.276728630065918
Symmetric Quadratic,4,456,4425,3.2637412548065186
Symmetric Quadratic,4,456,4450,3.3095507621765137
Symmetric Quadratic,4,456,4475,3.338296890258789
Symmetric Quadratic,4,456,4500,3.3143930435180664
Symmetric Quadratic,4,456,4525,3.3112735748291016
Symmetric Quadratic,4,456,4550,3.3133018016815186
Symmetric Quadratic,4,456,4575,3.325540542602539
Symmetric Quadratic,4,456,4600,3.2846121788024902
Symmetric Quadratic,4,456,4625,3.266833782196045
Symmetric Quadratic,4,456,4650,3.2867684364318848
Symmetric Quadratic,4,456,4675,3.25222110748291
Symmetric Quadratic,4,456,4700,3.2807748317718506
Symmetric Quadratic,4,456,4725,3.2759878635406494
Symmetric Quadratic,4,456,4750,3.281482696533203
Symmetric Quadratic,4,456,4775,3.286691665649414
Symmetric Quadratic,4,456,4800,3.286125421524048
Symmetric Quadratic,4,456,4825,3.298489570617676
Symmetric Quadratic,4,456,4850,3.3036067485809326
Symmetric Quadratic,4,456,4875,3.2974836826324463
Symmetric Quadratic,4,456,4900,3.290255308151245
Symmetric Quadratic,4,456,4925,3.3011977672576904
Symmetric Quadratic,4,456,4950,3.2874691486358643
Symmetric Quadratic,4,456,4975,3.2811412811279297
Symmetric Quadratic,4,456,5000,3.3101096153259277
Symmetric Quadratic,1,123,1,3.8290417194366455
Symmetric Quadratic,1,123,25,3.8262784481048584
Symmetric Quadratic,1,123,50,3.797616958618164
Symmetric Quadratic,1,123,75,3.7737536430358887
Symmetric Quadratic,1,123,100,3.762799024581909
Symmetric Quadratic,1,123,125,3.7301759719848633
Symmetric Quadratic,1,123,150,3.7292964458465576
Symmetric Quadratic,1,123,175,3.739091396331787
Symmetric Quadratic,1,123,200,3.7318220138549805
Symmetric Quadratic,1,123,225,3.721977710723877
Symmetric Quadratic,1,123,250,3.71876859664917
Symmetric Quadratic,1,123,275,3.721161365509033
Symmetric Quadratic,1,123,300,3.693171977996826
Symmetric Quadratic,1,123,325,3.713012218475342
Symmetric Quadratic,1,123,350,3.6965155601501465
Symmetric Quadratic,1,123,375,3.709120988845825
Symmetric Quadratic,1,123,400,3.6770999431610107
Symmetric Quadratic,1,123,425,3.678642749786377
Symmetric Quadratic,1,123,450,3.6582117080688477
Symmetric Quadratic,1,123,475,3.661888599395752
Symmetric Quadratic,1,123,500,3.8051934242248535
Symmetric Quadratic,1,123,525,3.6507372856140137
Symmetric Quadratic,1,123,550,3.642472267150879
Symmetric Quadratic,1,123,575,3.655923366546631
Symmetric Quadratic,1,123,600,3.657700777053833
Symmetric Quadratic,1,123,625,3.652301073074341
Symmetric Quadratic,1,123,650,3.65403413772583
Symmetric Quadratic,1,123,675,3.6607112884521484
Symmetric Quadratic,1,123,700,3.6623568534851074
Symmetric Quadratic,1,123,725,3.6613712310791016
Symmetric Quadratic,1,123,750,3.672424793243408
Symmetric Quadratic,1,123,775,3.6707210540771484
Symmetric Quadratic,1,123,800,3.672624111175537
Symmetric Quadratic,1,123,825,3.6727676391601562
Symmetric Quadratic,1,123,850,3.6654276847839355
Symmetric Quadratic,1,123,875,3.660060167312622
Symmetric Quadratic,1,123,900,3.6591734886169434
Symmetric Quadratic,1,123,925,3.6544251441955566
Symmetric Quadratic,1,123,950,3.6278624534606934
Symmetric Quadratic,1,123,975,3.6483194828033447
Symmetric Quadratic,1,123,1000,3.647185802459717
Symmetric Quadratic,1,123,1025,3.656028985977173
Symmetric Quadratic,1,123,1050,3.69857120513916
Symmetric Quadratic,1,123,1075,3.6429643630981445
Symmetric Quadratic,1,123,1100,3.648118019104004
Symmetric Quadratic,1,123,1125,3.641071319580078
Symmetric Quadratic,1,123,1150,3.6419897079467773
Symmetric Quadratic,1,123,1175,3.6495940685272217
Symmetric Quadratic,1,123,1200,3.650599241256714
Symmetric Quadratic,1,123,1225,3.6175856590270996
Symmetric Quadratic,1,123,1250,3.5994713306427
Symmetric Quadratic,1,123,1275,3.6179256439208984
Symmetric Quadratic,1,123,1300,3.63757061958313
Symmetric Quadratic,1,123,1325,3.6617283821105957
Symmetric Quadratic,1,123,1350,3.6411426067352295
Symmetric Quadratic,1,123,1375,3.627605676651001
Symmetric Quadratic,1,123,1400,3.616881847381592
Symmetric Quadratic,1,123,1425,3.627432346343994
Symmetric Quadratic,1,123,1450,3.6127986907958984
Symmetric Quadratic,1,123,1475,3.6022257804870605
Symmetric Quadratic,1,123,1500,3.600328207015991
Symmetric Quadratic,1,123,1525,3.591158390045166
Symmetric Quadratic,1,123,1550,3.6081793308258057
Symmetric Quadratic,1,123,1575,3.5869760513305664
Symmetric Quadratic,1,123,1600,3.63480281829834
Symmetric Quadratic,1,123,1625,3.6172211170196533
Symmetric Quadratic,1,123,1650,3.597379207611084
Symmetric Quadratic,1,123,1675,3.595334529876709
Symmetric Quadratic,1,123,1700,3.6116857528686523
Symmetric Quadratic,1,123,1725,3.601205825805664
Symmetric Quadratic,1,123,1750,3.620081901550293
Symmetric Quadratic,1,123,1775,3.6431775093078613
Symmetric Quadratic,1,123,1800,3.626241445541382
Symmetric Quadratic,1,123,1825,3.6174607276916504
Symmetric Quadratic,1,123,1850,3.6367149353027344
Symmetric Quadratic,1,123,1875,3.592341423034668
Symmetric Quadratic,1,123,1900,3.5862369537353516
Symmetric Quadratic,1,123,1925,3.601658821105957
Symmetric Quadratic,1,123,1950,3.6184163093566895
Symmetric Quadratic,1,123,1975,3.6030569076538086
Symmetric Quadratic,1,123,2000,3.606239080429077
Symmetric Quadratic,1,123,2025,3.6394057273864746
Symmetric Quadratic,1,123,2050,3.6087212562561035
Symmetric Quadratic,1,123,2075,3.6194844245910645
Symmetric Quadratic,1,123,2100,3.600238800048828
Symmetric Quadratic,1,123,2125,3.599989891052246
Symmetric Quadratic,1,123,2150,3.6235156059265137
Symmetric Quadratic,1,123,2175,3.615144729614258
Symmetric Quadratic,1,123,2200,3.600203275680542
Symmetric Quadratic,1,123,2225,3.5905978679656982
Symmetric Quadratic,1,123,2250,3.5952272415161133
Symmetric Quadratic,1,123,2275,3.5743982791900635
Symmetric Quadratic,1,123,2300,3.5947492122650146
Symmetric Quadratic,1,123,2325,3.601815938949585
Symmetric Quadratic,1,123,2350,3.6095621585845947
Symmetric Quadratic,1,123,2375,3.597093105316162
Symmetric Quadratic,1,123,2400,3.588887929916382
Symmetric Quadratic,1,123,2425,3.596142053604126
Symmetric Quadratic,1,123,2450,3.57377290725708
Symmetric Quadratic,1,123,2475,3.6024329662323
Symmetric Quadratic,1,123,2500,3.59041166305542
Symmetric Quadratic,1,123,2525,3.598228931427002
Symmetric Quadratic,1,123,2550,3.6199426651000977
Symmetric Quadratic,1,123,2575,3.6007437705993652
Symmetric Quadratic,1,123,2600,3.6025309562683105
Symmetric Quadratic,1,123,2625,3.611649513244629
Symmetric Quadratic,1,123,2650,3.6045303344726562
Symmetric Quadratic,1,123,2675,3.6164188385009766
Symmetric Quadratic,1,123,2700,3.643033504486084
Symmetric Quadratic,1,123,2725,3.628866672515869
Symmetric Quadratic,1,123,2750,3.5567665100097656
Symmetric Quadratic,1,123,2775,3.5783071517944336
Symmetric Quadratic,1,123,2800,3.591794490814209
Symmetric Quadratic,1,123,2825,3.5941100120544434
Symmetric Quadratic,1,123,2850,3.572252035140991
Symmetric Quadratic,1,123,2875,3.5855724811553955
Symmetric Quadratic,1,123,2900,3.576880693435669
Symmetric Quadratic,1,123,2925,3.586040496826172
Symmetric Quadratic,1,123,2950,3.572299003601074
Symmetric Quadratic,1,123,2975,3.568279266357422
Symmetric Quadratic,1,123,3000,3.566178321838379
Symmetric Quadratic,1,123,3025,3.5641982555389404
Symmetric Quadratic,1,123,3050,3.5673229694366455
Symmetric Quadratic,1,123,3075,3.545199155807495
Symmetric Quadratic,1,123,3100,3.561721086502075
Symmetric Quadratic,1,123,3125,3.561284065246582
Symmetric Quadratic,1,123,3150,3.5472822189331055
Symmetric Quadratic,1,123,3175,3.5871405601501465
Symmetric Quadratic,1,123,3200,3.58183217048645
Symmetric Quadratic,1,123,3225,3.5635714530944824
Symmetric Quadratic,1,123,3250,3.548409938812256
Symmetric Quadratic,1,123,3275,3.551520824432373
Symmetric Quadratic,1,123,3300,3.566279888153076
Symmetric Quadratic,1,123,3325,3.5418620109558105
Symmetric Quadratic,1,123,3350,3.5483920574188232
Symmetric Quadratic,1,123,3375,3.5682196617126465
Symmetric Quadratic,1,123,3400,3.566476583480835
Symmetric Quadratic,1,123,3425,3.5575268268585205
Symmetric Quadratic,1,123,3450,3.54378604888916
Symmetric Quadratic,1,123,3475,3.5680510997772217
Symmetric Quadratic,1,123,3500,3.5378849506378174
Symmetric Quadratic,1,123,3525,3.54883074760437
Symmetric Quadratic,1,123,3550,3.541872501373291
Symmetric Quadratic,1,123,3575,3.5507397651672363
Symmetric Quadratic,1,123,3600,3.5701260566711426
Symmetric Quadratic,1,123,3625,3.587123394012451
Symmetric Quadratic,1,123,3650,3.566514730453491
Symmetric Quadratic,1,123,3675,3.563335418701172
Symmetric Quadratic,1,123,3700,3.5682241916656494
Symmetric Quadratic,1,123,3725,3.5581278800964355
Symmetric Quadratic,1,123,3750,3.5393545627593994
Symmetric Quadratic,1,123,3775,3.544264316558838
Symmetric Quadratic,1,123,3800,3.5543525218963623
Symmetric Quadratic,1,123,3825,3.54435133934021
Symmetric Quadratic,1,123,3850,3.5730390548706055
Symmetric Quadratic,1,123,3875,3.570669651031494
Symmetric Quadratic,1,123,3900,3.5394506454467773
Symmetric Quadratic,1,123,3925,3.5372583866119385
Symmetric Quadratic,1,123,3950,3.5262980461120605
Symmetric Quadratic,1,123,3975,3.5282421112060547
Symmetric Quadratic,1,123,4000,3.524155616760254
Symmetric Quadratic,1,123,4025,3.5407960414886475
Symmetric Quadratic,1,123,4050,3.5432698726654053
Symmetric Quadratic,1,123,4075,3.544711112976074
Symmetric Quadratic,1,123,4100,3.5358645915985107
Symmetric Quadratic,1,123,4125,3.52937650680542
Symmetric Quadratic,1,123,4150,3.535244941711426
Symmetric Quadratic,1,123,4175,3.5202879905700684
Symmetric Quadratic,1,123,4200,3.542128562927246
Symmetric Quadratic,1,123,4225,3.5310816764831543
Symmetric Quadratic,1,123,4250,3.527776002883911
Symmetric Quadratic,1,123,4275,3.556212902069092
Symmetric Quadratic,1,123,4300,3.5406899452209473
Symmetric Quadratic,1,123,4325,3.5347981452941895
Symmetric Quadratic,1,123,4350,3.5323328971862793
Symmetric Quadratic,1,123,4375,3.5382137298583984
Symmetric Quadratic,1,123,4400,3.534231424331665
Symmetric Quadratic,1,123,4425,3.5119781494140625
Symmetric Quadratic,1,123,4450,3.537578582763672
Symmetric Quadratic,1,123,4475,3.564925193786621
Symmetric Quadratic,1,123,4500,3.5495991706848145
Symmetric Quadratic,1,123,4525,3.5493948459625244
Symmetric Quadratic,1,123,4550,3.5415916442871094
Symmetric Quadratic,1,123,4575,3.541907787322998
Symmetric Quadratic,1,123,4600,3.5185019969940186
Symmetric Quadratic,1,123,4625,3.508593797683716
Symmetric Quadratic,1,123,4650,3.5217761993408203
Symmetric Quadratic,1,123,4675,3.5071825981140137
Symmetric Quadratic,1,123,4700,3.515197277069092
Symmetric Quadratic,1,123,4725,3.5077900886535645
Symmetric Quadratic,1,123,4750,3.510812759399414
Symmetric Quadratic,1,123,4775,3.5086824893951416
Symmetric Quadratic,1,123,4800,3.493326425552368
Symmetric Quadratic,1,123,4825,3.509235382080078
Symmetric Quadratic,1,123,4850,3.5143868923187256
Symmetric Quadratic,1,123,4875,3.50244140625
Symmetric Quadratic,1,123,4900,3.5197808742523193
Symmetric Quadratic,1,123,4925,3.5228915214538574
Symmetric Quadratic,1,123,4950,3.5260937213897705
Symmetric Quadratic,1,123,4975,3.4939208030700684
Symmetric Quadratic,1,123,5000,3.508631467819214
LoRA,4,42,1,3.8291525840759277
LoRA,4,42,25,3.8269357681274414
LoRA,4,42,50,3.8000783920288086
LoRA,4,42,75,3.7675857543945312
LoRA,4,42,100,3.7413361072540283
LoRA,4,42,125,3.7046396732330322
LoRA,4,42,150,3.684722423553467
LoRA,4,42,175,3.6834216117858887
LoRA,4,42,200,3.65187406539917
LoRA,4,42,225,3.6331663131713867
LoRA,4,42,250,3.637377977371216
LoRA,4,42,275,3.6441869735717773
LoRA,4,42,300,3.613314151763916
LoRA,4,42,325,3.6161255836486816
LoRA,4,42,350,3.615358829498291
LoRA,4,42,375,3.6210434436798096
LoRA,4,42,400,3.598808526992798
LoRA,4,42,425,3.6071043014526367
LoRA,4,42,450,3.569660186767578
LoRA,4,42,475,3.579164981842041
LoRA,4,42,500,3.586395502090454
LoRA,4,42,525,3.557041645050049
LoRA,4,42,550,3.569406509399414
LoRA,4,42,575,3.578993797302246
LoRA,4,42,600,3.572211742401123
LoRA,4,42,625,3.573141098022461
LoRA,4,42,650,3.578223943710327
LoRA,4,42,675,3.588075876235962
LoRA,4,42,700,3.5855464935302734
LoRA,4,42,725,3.5824460983276367
LoRA,4,42,750,3.5922374725341797
LoRA,4,42,775,3.5800678730010986
LoRA,4,42,800,3.588961601257324
LoRA,4,42,825,3.5887017250061035
LoRA,4,42,850,3.590510845184326
LoRA,4,42,875,3.5802221298217773
LoRA,4,42,900,3.5798451900482178
LoRA,4,42,925,3.569397449493408
LoRA,4,42,950,3.552980899810791
LoRA,4,42,975,3.568174362182617
LoRA,4,42,1000,3.5708770751953125
LoRA,4,42,1025,3.573805809020996
LoRA,4,42,1050,3.556509256362915
LoRA,4,42,1075,3.568082094192505
LoRA,4,42,1100,3.581475019454956
LoRA,4,42,1125,3.5641977787017822
LoRA,4,42,1150,3.542941093444824
LoRA,4,42,1175,3.55423641204834
LoRA,4,42,1200,3.5542593002319336
LoRA,4,42,1225,3.533639907836914
LoRA,4,42,1250,3.5158863067626953
LoRA,4,42,1275,3.5245609283447266
LoRA,4,42,1300,3.5244836807250977
LoRA,4,42,1325,3.5258381366729736
LoRA,4,42,1350,3.5424861907958984
LoRA,4,42,1375,3.535254955291748
LoRA,4,42,1400,3.5306029319763184
LoRA,4,42,1425,3.5298821926116943
LoRA,4,42,1450,3.506532669067383
LoRA,4,42,1475,3.5032901763916016
LoRA,4,42,1500,3.504258155822754
LoRA,4,42,1525,3.4894909858703613
LoRA,4,42,1550,3.519443988800049
LoRA,4,42,1575,3.492737054824829
LoRA,4,42,1600,3.5004262924194336
LoRA,4,42,1625,3.5034356117248535
LoRA,4,42,1650,3.4911723136901855
LoRA,4,42,1675,3.4931602478027344
LoRA,4,42,1700,3.49639892578125
LoRA,4,42,1725,3.494131565093994
LoRA,4,42,1750,3.496535062789917
LoRA,4,42,1775,3.5043063163757324
LoRA,4,42,1800,3.4907448291778564
LoRA,4,42,1825,3.50754714012146
LoRA,4,42,1850,3.515223503112793
LoRA,4,42,1875,3.494434356689453
LoRA,4,42,1900,3.4750001430511475
LoRA,4,42,1925,3.4865262508392334
LoRA,4,42,1950,3.4959897994995117
LoRA,4,42,1975,3.4936718940734863
LoRA,4,42,2000,3.4894022941589355
LoRA,4,42,2025,3.5040292739868164
LoRA,4,42,2050,3.4947967529296875
LoRA,4,42,2075,3.4894089698791504
LoRA,4,42,2100,3.4827418327331543
LoRA,4,42,2125,3.490715503692627
LoRA,4,42,2150,3.4869542121887207
LoRA,4,42,2175,3.491941213607788
LoRA,4,42,2200,3.4827027320861816
LoRA,4,42,2225,3.459244728088379
LoRA,4,42,2250,3.4644699096679688
LoRA,4,42,2275,3.445660352706909
LoRA,4,42,2300,3.455859661102295
LoRA,4,42,2325,3.4640064239501953
LoRA,4,42,2350,3.4559340476989746
LoRA,4,42,2375,3.4552717208862305
LoRA,4,42,2400,3.4616165161132812
LoRA,4,42,2425,3.4600577354431152
LoRA,4,42,2450,3.437613010406494
LoRA,4,42,2475,3.4551734924316406
LoRA,4,42,2500,3.461177349090576
LoRA,4,42,2525,3.4514968395233154
LoRA,4,42,2550,3.4542999267578125
LoRA,4,42,2575,3.4532723426818848
LoRA,4,42,2600,3.4660139083862305
LoRA,4,42,2625,3.463573932647705
LoRA,4,42,2650,3.4751787185668945
LoRA,4,42,2675,3.464101791381836
LoRA,4,42,2700,3.4716451168060303
LoRA,4,42,2725,3.475356340408325
LoRA,4,42,2750,3.4629805088043213
LoRA,4,42,2775,3.4430603981018066
LoRA,4,42,2800,3.4572224617004395
LoRA,4,42,2825,3.446104049682617
LoRA,4,42,2850,3.41780424118042
LoRA,4,42,2875,3.412797451019287
LoRA,4,42,2900,3.426482915878296
LoRA,4,42,2925,3.4358396530151367
LoRA,4,42,2950,3.429795742034912
LoRA,4,42,2975,3.4437174797058105
LoRA,4,42,3000,3.438607692718506
LoRA,4,42,3025,3.4324889183044434
LoRA,4,42,3050,3.4369630813598633
LoRA,4,42,3075,3.4211859703063965
LoRA,4,42,3100,3.432288885116577
LoRA,4,42,3125,3.4395647048950195
LoRA,4,42,3150,3.4323196411132812
LoRA,4,42,3175,3.4371848106384277
LoRA,4,42,3200,3.4339776039123535
LoRA,4,42,3225,3.4147610664367676
LoRA,4,42,3250,3.4065518379211426
LoRA,4,42,3275,3.412592887878418
LoRA,4,42,3300,3.4080944061279297
LoRA,4,42,3325,3.3962416648864746
LoRA,4,42,3350,3.3998708724975586
LoRA,4,42,3375,3.404932975769043
LoRA,4,42,3400,3.4113550186157227
LoRA,4,42,3425,3.4089207649230957
LoRA,4,42,3450,3.423245906829834
LoRA,4,42,3475,3.423794984817505
LoRA,4,42,3500,3.404658794403076
LoRA,4,42,3525,3.390277147293091
LoRA,4,42,3550,3.394648551940918
LoRA,4,42,3575,3.4097840785980225
LoRA,4,42,3600,3.424896717071533
LoRA,4,42,3625,3.436204671859741
LoRA,4,42,3650,3.4278159141540527
LoRA,4,42,3675,3.4217138290405273
LoRA,4,42,3700,3.4208579063415527
LoRA,4,42,3725,3.4185400009155273
LoRA,4,42,3750,3.398000717163086
LoRA,4,42,3775,3.3826065063476562
LoRA,4,42,3800,3.392463207244873
LoRA,4,42,3825,3.388460159301758
LoRA,4,42,3850,3.381826162338257
LoRA,4,42,3875,3.3969433307647705
LoRA,4,42,3900,3.398071527481079
LoRA,4,42,3925,3.3857192993164062
LoRA,4,42,3950,3.344714879989624
LoRA,4,42,3975,3.343940258026123
LoRA,4,42,4000,3.3593342304229736
LoRA,4,42,4025,3.360179901123047
LoRA,4,42,4050,3.3653910160064697
LoRA,4,42,4075,3.372973680496216
LoRA,4,42,4100,3.376533031463623
LoRA,4,42,4125,3.3863260746002197
LoRA,4,42,4150,3.3615825176239014
LoRA,4,42,4175,3.3466129302978516
LoRA,4,42,4200,3.3708510398864746
LoRA,4,42,4225,3.373375415802002
LoRA,4,42,4250,3.361316204071045
LoRA,4,42,4275,3.3790335655212402
LoRA,4,42,4300,3.3742737770080566
LoRA,4,42,4325,3.3660759925842285
LoRA,4,42,4350,3.3707168102264404
LoRA,4,42,4375,3.3759799003601074
LoRA,4,42,4400,3.3662919998168945
LoRA,4,42,4425,3.3509745597839355
LoRA,4,42,4450,3.3786725997924805
LoRA,4,42,4475,3.4079651832580566
LoRA,4,42,4500,3.3834986686706543
LoRA,4,42,4525,3.383744955062866
LoRA,4,42,4550,3.3892908096313477
LoRA,4,42,4575,3.3945226669311523
LoRA,4,42,4600,3.368380546569824
LoRA,4,42,4625,3.343289375305176
LoRA,4,42,4650,3.346054792404175
LoRA,4,42,4675,3.3308563232421875
LoRA,4,42,4700,3.331923246383667
LoRA,4,42,4725,3.343356132507324
LoRA,4,42,4750,3.3448078632354736
LoRA,4,42,4775,3.352121353149414
LoRA,4,42,4800,3.3460206985473633
LoRA,4,42,4825,3.3520755767822266
LoRA,4,42,4850,3.3699254989624023
LoRA,4,42,4875,3.361276149749756
LoRA,4,42,4900,3.354782819747925
LoRA,4,42,4925,3.361131429672241
LoRA,4,42,4950,3.362082004547119
LoRA,4,42,4975,3.3451361656188965
LoRA,4,42,5000,3.353299140930176
LoRA,1,456,1,3.8290834426879883
LoRA,1,456,25,3.824145555496216
LoRA,1,456,50,3.815478801727295
LoRA,1,456,75,3.807781219482422
LoRA,1,456,100,3.7910499572753906
LoRA,1,456,125,3.776334285736084
LoRA,1,456,150,3.755849838256836
LoRA,1,456,175,3.745375156402588
LoRA,1,456,200,3.703132152557373
LoRA,1,456,225,3.6858327388763428
LoRA,1,456,250,3.675140857696533
LoRA,1,456,275,3.680079936981201
LoRA,1,456,300,3.647627115249634
LoRA,1,456,325,3.660165548324585
LoRA,1,456,350,3.64469575881958
LoRA,1,456,375,3.647486686706543
LoRA,1,456,400,3.632596015930176
LoRA,1,456,425,3.637472152709961
LoRA,1,456,450,3.6113414764404297
LoRA,1,456,475,3.6128201484680176
LoRA,1,456,500,3.6225905418395996
LoRA,1,456,525,3.591036558151245
LoRA,1,456,550,3.5976314544677734
LoRA,1,456,575,3.607379198074341
LoRA,1,456,600,3.6131715774536133
LoRA,1,456,625,3.616204261779785
LoRA,1,456,650,3.6155920028686523
LoRA,1,456,675,3.6200926303863525
LoRA,1,456,700,3.618804454803467
LoRA,1,456,725,3.615658760070801
LoRA,1,456,750,3.63120174407959
LoRA,1,456,775,3.630596876144409
LoRA,1,456,800,3.630709171295166
LoRA,1,456,825,3.6242835521698
LoRA,1,456,850,3.6336135864257812
LoRA,1,456,875,3.6166255474090576
LoRA,1,456,900,3.6181983947753906
LoRA,1,456,925,3.6384522914886475
LoRA,1,456,950,3.6066224575042725
LoRA,1,456,975,3.622506856918335
LoRA,1,456,1000,3.619396686553955
LoRA,1,456,1025,3.624528408050537
LoRA,1,456,1050,3.604198455810547
LoRA,1,456,1075,3.6213459968566895
LoRA,1,456,1100,3.6345736980438232
LoRA,1,456,1125,3.61895489692688
LoRA,1,456,1150,3.606546401977539
LoRA,1,456,1175,3.6166844367980957
LoRA,1,456,1200,3.620631456375122
LoRA,1,456,1225,3.597097635269165
LoRA,1,456,1250,3.5796546936035156
LoRA,1,456,1275,3.5940136909484863
LoRA,1,456,1300,3.60361647605896
LoRA,1,456,1325,3.6055431365966797
LoRA,1,456,1350,3.623828411102295
LoRA,1,456,1375,3.614971160888672
LoRA,1,456,1400,3.598529577255249
LoRA,1,456,1425,3.6101956367492676
LoRA,1,456,1450,3.578460454940796
LoRA,1,456,1475,3.5747222900390625
LoRA,1,456,1500,3.5821189880371094
LoRA,1,456,1525,3.579904556274414
LoRA,1,456,1550,3.604468584060669
LoRA,1,456,1575,3.5751357078552246
LoRA,1,456,1600,3.593904733657837
LoRA,1,456,1625,3.604346990585327
LoRA,1,456,1650,3.5904641151428223
LoRA,1,456,1675,3.5863351821899414
LoRA,1,456,1700,3.5883989334106445
LoRA,1,456,1725,3.590853452682495
LoRA,1,456,1750,3.5934245586395264
LoRA,1,456,1775,3.6265361309051514
LoRA,1,456,1800,3.5989160537719727
LoRA,1,456,1825,3.6195015907287598
LoRA,1,456,1850,3.6364450454711914
LoRA,1,456,1875,3.604175567626953
LoRA,1,456,1900,3.585094451904297
LoRA,1,456,1925,3.6021533012390137
LoRA,1,456,1950,3.5990121364593506
LoRA,1,456,1975,3.605612277984619
LoRA,1,456,2000,3.599985122680664
LoRA,1,456,2025,3.6326632499694824
LoRA,1,456,2050,3.6104021072387695
LoRA,1,456,2075,3.6163554191589355
LoRA,1,456,2100,3.6020405292510986
LoRA,1,456,2125,3.617170810699463
LoRA,1,456,2150,3.6078081130981445
LoRA,1,456,2175,3.607764959335327
LoRA,1,456,2200,3.5912580490112305
LoRA,1,456,2225,3.5787832736968994
LoRA,1,456,2250,3.586536407470703
LoRA,1,456,2275,3.569592237472534
LoRA,1,456,2300,3.578864097595215
LoRA,1,456,2325,3.589388370513916
LoRA,1,456,2350,3.593553066253662
LoRA,1,456,2375,3.5936198234558105
LoRA,1,456,2400,3.594041347503662
LoRA,1,456,2425,3.5878045558929443
LoRA,1,456,2450,3.5699779987335205
LoRA,1,456,2475,3.597245693206787
LoRA,1,456,2500,3.6004714965820312
LoRA,1,456,2525,3.5796170234680176
LoRA,1,456,2550,3.588717222213745
LoRA,1,456,2575,3.5907864570617676
LoRA,1,456,2600,3.6124215126037598
LoRA,1,456,2625,3.607522964477539
LoRA,1,456,2650,3.6113462448120117
LoRA,1,456,2675,3.6036300659179688
LoRA,1,456,2700,3.62375545501709
LoRA,1,456,2725,3.617300033569336
LoRA,1,456,2750,3.584939479827881
LoRA,1,456,2775,3.5847249031066895
LoRA,1,456,2800,3.596864938735962
LoRA,1,456,2825,3.591576099395752
LoRA,1,456,2850,3.5573058128356934
LoRA,1,456,2875,3.571526527404785
LoRA,1,456,2900,3.5702335834503174
LoRA,1,456,2925,3.5796897411346436
LoRA,1,456,2950,3.578268051147461
LoRA,1,456,2975,3.585299015045166
LoRA,1,456,3000,3.5786139965057373
LoRA,1,456,3025,3.5672526359558105
LoRA,1,456,3050,3.5793817043304443
LoRA,1,456,3075,3.5578670501708984
LoRA,1,456,3100,3.576176166534424
LoRA,1,456,3125,3.5825419425964355
LoRA,1,456,3150,3.5808048248291016
LoRA,1,456,3175,3.5845115184783936
LoRA,1,456,3200,3.609816074371338
LoRA,1,456,3225,3.573282241821289
LoRA,1,456,3250,3.563410758972168
LoRA,1,456,3275,3.56878662109375
LoRA,1,456,3300,3.578218936920166
LoRA,1,456,3325,3.563633680343628
LoRA,1,456,3350,3.577084541320801
LoRA,1,456,3375,3.591144561767578
LoRA,1,456,3400,3.5818634033203125
LoRA,1,456,3425,3.573148012161255
LoRA,1,456,3450,3.58311128616333
LoRA,1,456,3475,3.59041690826416
LoRA,1,456,3500,3.554103136062622
LoRA,1,456,3525,3.559844970703125
LoRA,1,456,3550,3.5650084018707275
LoRA,1,456,3575,3.5686941146850586
LoRA,1,456,3600,3.58317232131958
LoRA,1,456,3625,3.604020118713379
LoRA,1,456,3650,3.596555471420288
LoRA,1,456,3675,3.5854225158691406
LoRA,1,456,3700,3.5964479446411133
LoRA,1,456,3725,3.585700035095215
LoRA,1,456,3750,3.577310085296631
LoRA,1,456,3775,3.56880521774292
LoRA,1,456,3800,3.5808746814727783
LoRA,1,456,3825,3.5785648822784424
LoRA,1,456,3850,3.574230194091797
LoRA,1,456,3875,3.595339298248291
LoRA,1,456,3900,3.5828566551208496
LoRA,1,456,3925,3.583270788192749
LoRA,1,456,3950,3.5426993370056152
LoRA,1,456,3975,3.548891067504883
LoRA,1,456,4000,3.5555601119995117
LoRA,1,456,4025,3.5629749298095703
LoRA,1,456,4050,3.565934181213379
LoRA,1,456,4075,3.5717315673828125
LoRA,1,456,4100,3.580249309539795
LoRA,1,456,4125,3.5830087661743164
LoRA,1,456,4150,3.5631656646728516
LoRA,1,456,4175,3.5487518310546875
LoRA,1,456,4200,3.5713305473327637
LoRA,1,456,4225,3.5775375366210938
LoRA,1,456,4250,3.556523323059082
LoRA,1,456,4275,3.5829079151153564
LoRA,1,456,4300,3.5811266899108887
LoRA,1,456,4325,3.5786914825439453
LoRA,1,456,4350,3.5702645778656006
LoRA,1,456,4375,3.5811424255371094
LoRA,1,456,4400,3.548872470855713
LoRA,1,456,4425,3.5490355491638184
LoRA,1,456,4450,3.590550661087036
LoRA,1,456,4475,3.5946550369262695
LoRA,1,456,4500,3.5916686058044434
LoRA,1,456,4525,3.5899658203125
LoRA,1,456,4550,3.5895473957061768
LoRA,1,456,4575,3.5908167362213135
LoRA,1,456,4600,3.5541622638702393
LoRA,1,456,4625,3.543238401412964
LoRA,1,456,4650,3.5696487426757812
LoRA,1,456,4675,3.5272393226623535
LoRA,1,456,4700,3.553271770477295
LoRA,1,456,4725,3.554150104522705
LoRA,1,456,4750,3.558837652206421
LoRA,1,456,4775,3.560340404510498
LoRA,1,456,4800,3.551795482635498
LoRA,1,456,4825,3.558758020401001
LoRA,1,456,4850,3.567662239074707
LoRA,1,456,4875,3.5656933784484863
LoRA,1,456,4900,3.5683236122131348
LoRA,1,456,4925,3.582716226577759
LoRA,1,456,4950,3.574953556060791
LoRA,1,456,4975,3.546603202819824
LoRA,1,456,5000,3.575655460357666
LoRA,1,42,1,3.828662872314453
LoRA,1,42,25,3.826228380203247
LoRA,1,42,50,3.820279121398926
LoRA,1,42,75,3.817760467529297
LoRA,1,42,100,3.817800521850586
LoRA,1,42,125,3.800046682357788
LoRA,1,42,150,3.7857985496520996
LoRA,1,42,175,3.791962146759033
LoRA,1,42,200,3.787766695022583
LoRA,1,42,225,3.780334949493408
LoRA,1,42,250,3.7813363075256348
LoRA,1,42,275,3.775207996368408
LoRA,1,42,300,3.7461280822753906
LoRA,1,42,325,3.76448130607605
LoRA,1,42,350,3.7558298110961914
LoRA,1,42,375,3.7555947303771973
LoRA,1,42,400,3.7226028442382812
LoRA,1,42,425,3.7262463569641113
LoRA,1,42,450,3.7059316635131836
LoRA,1,42,475,3.712597370147705
LoRA,1,42,500,3.707143545150757
LoRA,1,42,525,3.665947914123535
LoRA,1,42,550,3.6824865341186523
LoRA,1,42,575,3.677326202392578
LoRA,1,42,600,3.6796631813049316
LoRA,1,42,625,3.661386013031006
LoRA,1,42,650,3.6558706760406494
LoRA,1,42,675,3.674598217010498
LoRA,1,42,700,3.6775360107421875
LoRA,1,42,725,3.672389030456543
LoRA,1,42,750,3.6679811477661133
LoRA,1,42,775,3.6593194007873535
LoRA,1,42,800,3.6599819660186768
LoRA,1,42,825,3.6583313941955566
LoRA,1,42,850,3.676483154296875
LoRA,1,42,875,3.637667179107666
LoRA,1,42,900,3.6516776084899902
LoRA,1,42,925,3.639770030975342
LoRA,1,42,950,3.6170783042907715
LoRA,1,42,975,3.659421920776367
LoRA,1,42,1000,3.642906665802002
LoRA,1,42,1025,3.6421356201171875
LoRA,1,42,1050,3.621112585067749
LoRA,1,42,1075,3.639228582382202
LoRA,1,42,1100,3.6547296047210693
LoRA,1,42,1125,3.6280221939086914
LoRA,1,42,1150,3.6323750019073486
LoRA,1,42,1175,3.6485791206359863
LoRA,1,42,1200,3.6479315757751465
LoRA,1,42,1225,3.6111059188842773
LoRA,1,42,1250,3.5952866077423096
LoRA,1,42,1275,3.6141891479492188
LoRA,1,42,1300,3.618713140487671
LoRA,1,42,1325,3.6307435035705566
LoRA,1,42,1350,3.6404380798339844
LoRA,1,42,1375,3.6349544525146484
LoRA,1,42,1400,3.608368158340454
LoRA,1,42,1425,3.6286206245422363
LoRA,1,42,1450,3.5885491371154785
LoRA,1,42,1475,3.595262050628662
LoRA,1,42,1500,3.6023242473602295
LoRA,1,42,1525,3.579383373260498
LoRA,1,42,1550,3.6213631629943848
LoRA,1,42,1575,3.5870680809020996
LoRA,1,42,1600,3.6156811714172363
LoRA,1,42,1625,3.605131149291992
LoRA,1,42,1650,3.5916244983673096
LoRA,1,42,1675,3.5953285694122314
LoRA,1,42,1700,3.601179599761963
LoRA,1,42,1725,3.596491813659668
LoRA,1,42,1750,3.6093931198120117
LoRA,1,42,1775,3.6178810596466064
LoRA,1,42,1800,3.6020257472991943
LoRA,1,42,1825,3.6371665000915527
LoRA,1,42,1850,3.622591257095337
LoRA,1,42,1875,3.594111442565918
LoRA,1,42,1900,3.5963284969329834
LoRA,1,42,1925,3.613335132598877
LoRA,1,42,1950,3.6260242462158203
LoRA,1,42,1975,3.62186861038208
LoRA,1,42,2000,3.607870101928711
LoRA,1,42,2025,3.629967212677002
LoRA,1,42,2050,3.607804298400879
LoRA,1,42,2075,3.618410587310791
LoRA,1,42,2100,3.599336624145508
LoRA,1,42,2125,3.614637851715088
LoRA,1,42,2150,3.6140692234039307
LoRA,1,42,2175,3.61378812789917
LoRA,1,42,2200,3.605638265609741
LoRA,1,42,2225,3.5840444564819336
LoRA,1,42,2250,3.5948855876922607
LoRA,1,42,2275,3.5741934776306152
LoRA,1,42,2300,3.5944106578826904
LoRA,1,42,2325,3.5861966609954834
LoRA,1,42,2350,3.5984387397766113
LoRA,1,42,2375,3.5878167152404785
LoRA,1,42,2400,3.5869975090026855
LoRA,1,42,2425,3.5895235538482666
LoRA,1,42,2450,3.5685081481933594
LoRA,1,42,2475,3.5961077213287354
LoRA,1,42,2500,3.5791735649108887
LoRA,1,42,2525,3.5747268199920654
LoRA,1,42,2550,3.590376377105713
LoRA,1,42,2575,3.582504987716675
LoRA,1,42,2600,3.6089820861816406
LoRA,1,42,2625,3.5979998111724854
LoRA,1,42,2650,3.6075210571289062
LoRA,1,42,2675,3.5972671508789062
LoRA,1,42,2700,3.6144824028015137
LoRA,1,42,2725,3.617948055267334
LoRA,1,42,2750,3.579404592514038
LoRA,1,42,2775,3.5790905952453613
LoRA,1,42,2800,3.5897955894470215
LoRA,1,42,2825,3.586617946624756
LoRA,1,42,2850,3.5493295192718506
LoRA,1,42,2875,3.587357759475708
LoRA,1,42,2900,3.585446834564209
LoRA,1,42,2925,3.5897226333618164
LoRA,1,42,2950,3.579957962036133
LoRA,1,42,2975,3.5821592807769775
LoRA,1,42,3000,3.5819835662841797
LoRA,1,42,3025,3.5663905143737793
LoRA,1,42,3050,3.583559274673462
LoRA,1,42,3075,3.554928779602051
LoRA,1,42,3100,3.5866546630859375
LoRA,1,42,3125,3.5959768295288086
LoRA,1,42,3150,3.582184314727783
LoRA,1,42,3175,3.5933263301849365
LoRA,1,42,3200,3.613140106201172
LoRA,1,42,3225,3.5684351921081543
LoRA,1,42,3250,3.572505235671997
LoRA,1,42,3275,3.5711560249328613
LoRA,1,42,3300,3.5734238624572754
LoRA,1,42,3325,3.5711326599121094
LoRA,1,42,3350,3.5810446739196777
LoRA,1,42,3375,3.6004722118377686
LoRA,1,42,3400,3.591970205307007
LoRA,1,42,3425,3.581235885620117
LoRA,1,42,3450,3.571702003479004
LoRA,1,42,3475,3.58430814743042
LoRA,1,42,3500,3.541398048400879
LoRA,1,42,3525,3.5597667694091797
LoRA,1,42,3550,3.5669474601745605
LoRA,1,42,3575,3.5721631050109863
LoRA,1,42,3600,3.578686475753784
LoRA,1,42,3625,3.593510150909424
LoRA,1,42,3650,3.5998268127441406
LoRA,1,42,3675,3.589550495147705
LoRA,1,42,3700,3.5893540382385254
LoRA,1,42,3725,3.5766429901123047
LoRA,1,42,3750,3.571290969848633
LoRA,1,42,3775,3.5587754249572754
LoRA,1,42,3800,3.5691885948181152
LoRA,1,42,3825,3.5661277770996094
LoRA,1,42,3850,3.5662975311279297
LoRA,1,42,3875,3.577868938446045
LoRA,1,42,3900,3.580099582672119
LoRA,1,42,3925,3.5648016929626465
LoRA,1,42,3950,3.536797523498535
LoRA,1,42,3975,3.543362617492676
LoRA,1,42,4000,3.5505497455596924
LoRA,1,42,4025,3.555669069290161
LoRA,1,42,4050,3.5649735927581787
LoRA,1,42,4075,3.5686757564544678
LoRA,1,42,4100,3.5731492042541504
LoRA,1,42,4125,3.5652999877929688
LoRA,1,42,4150,3.5565738677978516
LoRA,1,42,4175,3.539559841156006
LoRA,1,42,4200,3.5689992904663086
LoRA,1,42,4225,3.57291841506958
LoRA,1,42,4250,3.556952714920044
LoRA,1,42,4275,3.5753321647644043
LoRA,1,42,4300,3.5684449672698975
LoRA,1,42,4325,3.574979543685913
LoRA,1,42,4350,3.5613698959350586
LoRA,1,42,4375,3.568016529083252
LoRA,1,42,4400,3.5460987091064453
LoRA,1,42,4425,3.544447660446167
LoRA,1,42,4450,3.57791805267334
LoRA,1,42,4475,3.5875823497772217
LoRA,1,42,4500,3.5831422805786133
LoRA,1,42,4525,3.5870859622955322
LoRA,1,42,4550,3.5808095932006836
LoRA,1,42,4575,3.5792465209960938
LoRA,1,42,4600,3.551790952682495
LoRA,1,42,4625,3.533694267272949
LoRA,1,42,4650,3.553309917449951
LoRA,1,42,4675,3.5358974933624268
LoRA,1,42,4700,3.5527782440185547
LoRA,1,42,4725,3.547166347503662
LoRA,1,42,4750,3.5535945892333984
LoRA,1,42,4775,3.5542984008789062
LoRA,1,42,4800,3.5420279502868652
LoRA,1,42,4825,3.5484371185302734
LoRA,1,42,4850,3.557915687561035
LoRA,1,42,4875,3.5579001903533936
LoRA,1,42,4900,3.5563879013061523
LoRA,1,42,4925,3.5768253803253174
LoRA,1,42,4950,3.575212240219116
LoRA,1,42,4975,3.5427980422973633
LoRA,1,42,5000,3.5675621032714844
Symmetric Quadratic,8,123,1,3.829317808151245
Symmetric Quadratic,8,123,25,3.8278231620788574
Symmetric Quadratic,8,123,50,3.809889316558838
Symmetric Quadratic,8,123,75,3.777331829071045
Symmetric Quadratic,8,123,100,3.7455766201019287
Symmetric Quadratic,8,123,125,3.706709384918213
Symmetric Quadratic,8,123,150,3.6798839569091797
Symmetric Quadratic,8,123,175,3.650355815887451
Symmetric Quadratic,8,123,200,3.6130988597869873
Symmetric Quadratic,8,123,225,3.606882333755493
Symmetric Quadratic,8,123,250,3.608250379562378
Symmetric Quadratic,8,123,275,3.605430841445923
Symmetric Quadratic,8,123,300,3.5700998306274414
Symmetric Quadratic,8,123,325,3.585533857345581
Symmetric Quadratic,8,123,350,3.5788846015930176
Symmetric Quadratic,8,123,375,3.57709002494812
Symmetric Quadratic,8,123,400,3.542499303817749
Symmetric Quadratic,8,123,425,3.5569300651550293
Symmetric Quadratic,8,123,450,3.5044121742248535
Symmetric Quadratic,8,123,475,3.508474349975586
Symmetric Quadratic,8,123,500,3.5090365409851074
Symmetric Quadratic,8,123,525,3.4594063758850098
Symmetric Quadratic,8,123,550,3.474630117416382
Symmetric Quadratic,8,123,575,3.4782214164733887
Symmetric Quadratic,8,123,600,3.479952573776245
Symmetric Quadratic,8,123,625,3.475674629211426
Symmetric Quadratic,8,123,650,3.456796169281006
Symmetric Quadratic,8,123,675,3.471992015838623
Symmetric Quadratic,8,123,700,3.4602301120758057
Symmetric Quadratic,8,123,725,3.4497857093811035
Symmetric Quadratic,8,123,750,3.449065685272217
Symmetric Quadratic,8,123,775,3.4567389488220215
Symmetric Quadratic,8,123,800,3.455028533935547
Symmetric Quadratic,8,123,825,3.4526119232177734
Symmetric Quadratic,8,123,850,3.452399253845215
Symmetric Quadratic,8,123,875,3.4270126819610596
Symmetric Quadratic,8,123,900,3.443709135055542
Symmetric Quadratic,8,123,925,3.4284539222717285
Symmetric Quadratic,8,123,950,3.402374744415283
Symmetric Quadratic,8,123,975,3.413060188293457
Symmetric Quadratic,8,123,1000,3.40596604347229
Symmetric Quadratic,8,123,1025,3.403611421585083
Symmetric Quadratic,8,123,1050,3.393444299697876
Symmetric Quadratic,8,123,1075,3.406898021697998
Symmetric Quadratic,8,123,1100,3.401035785675049
Symmetric Quadratic,8,123,1125,3.383702039718628
Symmetric Quadratic,8,123,1150,3.356278657913208
Symmetric Quadratic,8,123,1175,3.3706107139587402
Symmetric Quadratic,8,123,1200,3.373662233352661
Symmetric Quadratic,8,123,1225,3.3451876640319824
Symmetric Quadratic,8,123,1250,3.3298349380493164
Symmetric Quadratic,8,123,1275,3.349283456802368
Symmetric Quadratic,8,123,1300,3.337628126144409
Symmetric Quadratic,8,123,1325,3.346632957458496
Symmetric Quadratic,8,123,1350,3.3746860027313232
Symmetric Quadratic,8,123,1375,3.3618621826171875
Symmetric Quadratic,8,123,1400,3.346858263015747
Symmetric Quadratic,8,123,1425,3.348921537399292
Symmetric Quadratic,8,123,1450,3.304234504699707
Symmetric Quadratic,8,123,1475,3.3218607902526855
Symmetric Quadratic,8,123,1500,3.312917709350586
Symmetric Quadratic,8,123,1525,3.2989389896392822
Symmetric Quadratic,8,123,1550,3.34930419921875
Symmetric Quadratic,8,123,1575,3.2935996055603027
Symmetric Quadratic,8,123,1600,3.3117663860321045
Symmetric Quadratic,8,123,1625,3.3278841972351074
Symmetric Quadratic,8,123,1650,3.306994915008545
Symmetric Quadratic,8,123,1675,3.3092546463012695
Symmetric Quadratic,8,123,1700,3.31533145904541
Symmetric Quadratic,8,123,1725,3.3021674156188965
Symmetric Quadratic,8,123,1750,3.3096044063568115
Symmetric Quadratic,8,123,1775,3.3075366020202637
Symmetric Quadratic,8,123,1800,3.2997708320617676
Symmetric Quadratic,8,123,1825,3.3160030841827393
Symmetric Quadratic,8,123,1850,3.3235957622528076
Symmetric Quadratic,8,123,1875,3.2896571159362793
Symmetric Quadratic,8,123,1900,3.2909984588623047
Symmetric Quadratic,8,123,1925,3.3083033561706543
Symmetric Quadratic,8,123,1950,3.3143930435180664
Symmetric Quadratic,8,123,1975,3.310023546218872
Symmetric Quadratic,8,123,2000,3.3060035705566406
Symmetric Quadratic,8,123,2025,3.3575313091278076
Symmetric Quadratic,8,123,2050,3.328695297241211
Symmetric Quadratic,8,123,2075,3.3207881450653076
Symmetric Quadratic,8,123,2100,3.2959346771240234
Symmetric Quadratic,8,123,2125,3.303727626800537
Symmetric Quadratic,8,123,2150,3.3190746307373047
Symmetric Quadratic,8,123,2175,3.3286144733428955
Symmetric Quadratic,8,123,2200,3.2908682823181152
Symmetric Quadratic,8,123,2225,3.2526915073394775
Symmetric Quadratic,8,123,2250,3.2804479598999023
Symmetric Quadratic,8,123,2275,3.2631661891937256
Symmetric Quadratic,8,123,2300,3.289482831954956
Symmetric Quadratic,8,123,2325,3.291203737258911
Symmetric Quadratic,8,123,2350,3.2831287384033203
Symmetric Quadratic,8,123,2375,3.2959370613098145
Symmetric Quadratic,8,123,2400,3.2803947925567627
Symmetric Quadratic,8,123,2425,3.2497334480285645
Symmetric Quadratic,8,123,2450,3.2539966106414795
Symmetric Quadratic,8,123,2475,3.293754816055298
Symmetric Quadratic,8,123,2500,3.280750274658203
Symmetric Quadratic,8,123,2525,3.262004852294922
Symmetric Quadratic,8,123,2550,3.2745113372802734
Symmetric Quadratic,8,123,2575,3.2801194190979004
Symmetric Quadratic,8,123,2600,3.2964367866516113
Symmetric Quadratic,8,123,2625,3.2962207794189453
Symmetric Quadratic,8,123,2650,3.2962968349456787
Symmetric Quadratic,8,123,2675,3.2935233116149902
Symmetric Quadratic,8,123,2700,3.309323310852051
Symmetric Quadratic,8,123,2725,3.2947964668273926
Symmetric Quadratic,8,123,2750,3.2729430198669434
Symmetric Quadratic,8,123,2775,3.269434928894043
Symmetric Quadratic,8,123,2800,3.281407356262207
Symmetric Quadratic,8,123,2825,3.2680726051330566
Symmetric Quadratic,8,123,2850,3.2265167236328125
Symmetric Quadratic,8,123,2875,3.237422466278076
Symmetric Quadratic,8,123,2900,3.274165630340576
Symmetric Quadratic,8,123,2925,3.2782201766967773
Symmetric Quadratic,8,123,2950,3.278404474258423
Symmetric Quadratic,8,123,2975,3.2819409370422363
Symmetric Quadratic,8,123,3000,3.258303642272949
Symmetric Quadratic,8,123,3025,3.2607104778289795
Symmetric Quadratic,8,123,3050,3.2815158367156982
Symmetric Quadratic,8,123,3075,3.2473373413085938
Symmetric Quadratic,8,123,3100,3.2571682929992676
Symmetric Quadratic,8,123,3125,3.2697043418884277
Symmetric Quadratic,8,123,3150,3.2719178199768066
Symmetric Quadratic,8,123,3175,3.278512954711914
Symmetric Quadratic,8,123,3200,3.2720835208892822
Symmetric Quadratic,8,123,3225,3.2547411918640137
Symmetric Quadratic,8,123,3250,3.248969078063965
Symmetric Quadratic,8,123,3275,3.2549571990966797
Symmetric Quadratic,8,123,3300,3.2604689598083496
Symmetric Quadratic,8,123,3325,3.257080078125
Symmetric Quadratic,8,123,3350,3.24405837059021
Symmetric Quadratic,8,123,3375,3.2535672187805176
Symmetric Quadratic,8,123,3400,3.2649948596954346
Symmetric Quadratic,8,123,3425,3.253431797027588
Symmetric Quadratic,8,123,3450,3.254859209060669
Symmetric Quadratic,8,123,3475,3.2682952880859375
Symmetric Quadratic,8,123,3500,3.2421135902404785
Symmetric Quadratic,8,123,3525,3.2305102348327637
Symmetric Quadratic,8,123,3550,3.2405447959899902
Symmetric Quadratic,8,123,3575,3.257815361022949
Symmetric Quadratic,8,123,3600,3.271841049194336
Symmetric Quadratic,8,123,3625,3.2883152961730957
Symmetric Quadratic,8,123,3650,3.2718446254730225
Symmetric Quadratic,8,123,3675,3.2538678646087646
Symmetric Quadratic,8,123,3700,3.259716510772705
Symmetric Quadratic,8,123,3725,3.268857479095459
Symmetric Quadratic,8,123,3750,3.256333351135254
Symmetric Quadratic,8,123,3775,3.232400417327881
Symmetric Quadratic,8,123,3800,3.25370454788208
Symmetric Quadratic,8,123,3825,3.2434473037719727
Symmetric Quadratic,8,123,3850,3.226047992706299
Symmetric Quadratic,8,123,3875,3.264150619506836
Symmetric Quadratic,8,123,3900,3.2574541568756104
Symmetric Quadratic,8,123,3925,3.245478630065918
Symmetric Quadratic,8,123,3950,3.201826810836792
Symmetric Quadratic,8,123,3975,3.2094852924346924
Symmetric Quadratic,8,123,4000,3.2151989936828613
Symmetric Quadratic,8,123,4025,3.2133216857910156
Symmetric Quadratic,8,123,4050,3.218001365661621
Symmetric Quadratic,8,123,4075,3.2329981327056885
Symmetric Quadratic,8,123,4100,3.247492790222168
Symmetric Quadratic,8,123,4125,3.223726749420166
Symmetric Quadratic,8,123,4150,3.2148098945617676
Symmetric Quadratic,8,123,4175,3.2005820274353027
Symmetric Quadratic,8,123,4200,3.222128391265869
Symmetric Quadratic,8,123,4225,3.2409346103668213
Symmetric Quadratic,8,123,4250,3.214299201965332
Symmetric Quadratic,8,123,4275,3.231459140777588
Symmetric Quadratic,8,123,4300,3.244884729385376
Symmetric Quadratic,8,123,4325,3.234879493713379
Symmetric Quadratic,8,123,4350,3.232311725616455
Symmetric Quadratic,8,123,4375,3.245496988296509
Symmetric Quadratic,8,123,4400,3.221099376678467
Symmetric Quadratic,8,123,4425,3.217639923095703
Symmetric Quadratic,8,123,4450,3.2459230422973633
Symmetric Quadratic,8,123,4475,3.2743539810180664
Symmetric Quadratic,8,123,4500,3.252638339996338
Symmetric Quadratic,8,123,4525,3.2487688064575195
Symmetric Quadratic,8,123,4550,3.2509031295776367
Symmetric Quadratic,8,123,4575,3.2645280361175537
Symmetric Quadratic,8,123,4600,3.228919267654419
Symmetric Quadratic,8,123,4625,3.2146754264831543
Symmetric Quadratic,8,123,4650,3.224315643310547
Symmetric Quadratic,8,123,4675,3.200147867202759
Symmetric Quadratic,8,123,4700,3.2136006355285645
Symmetric Quadratic,8,123,4725,3.2171645164489746
Symmetric Quadratic,8,123,4750,3.2147717475891113
Symmetric Quadratic,8,123,4775,3.21586012840271
Symmetric Quadratic,8,123,4800,3.211615800857544
Symmetric Quadratic,8,123,4825,3.2235748767852783
Symmetric Quadratic,8,123,4850,3.247382640838623
Symmetric Quadratic,8,123,4875,3.221072196960449
Symmetric Quadratic,8,123,4900,3.2281954288482666
Symmetric Quadratic,8,123,4925,3.252490520477295
Symmetric Quadratic,8,123,4950,3.2473154067993164
Symmetric Quadratic,8,123,4975,3.2215018272399902
Symmetric Quadratic,8,123,5000,3.234020233154297
Symmetric Quadratic,2,42,1,3.830592632293701
Symmetric Quadratic,2,42,25,3.824923515319824
Symmetric Quadratic,2,42,50,3.822450637817383
Symmetric Quadratic,2,42,75,3.844615936279297
Symmetric Quadratic,2,42,100,3.8069844245910645
Symmetric Quadratic,2,42,125,3.7929606437683105
Symmetric Quadratic,2,42,150,3.7743208408355713
Symmetric Quadratic,2,42,175,3.761335611343384
Symmetric Quadratic,2,42,200,3.7262930870056152
Symmetric Quadratic,2,42,225,3.6829583644866943
Symmetric Quadratic,2,42,250,3.684049606323242
Symmetric Quadratic,2,42,275,3.6816649436950684
Symmetric Quadratic,2,42,300,3.646358013153076
Symmetric Quadratic,2,42,325,3.6535894870758057
Symmetric Quadratic,2,42,350,3.655008316040039
Symmetric Quadratic,2,42,375,3.6565985679626465
Symmetric Quadratic,2,42,400,3.6391866207122803
Symmetric Quadratic,2,42,425,3.6519248485565186
Symmetric Quadratic,2,42,450,3.6055097579956055
Symmetric Quadratic,2,42,475,3.622436761856079
Symmetric Quadratic,2,42,500,3.617659091949463
Symmetric Quadratic,2,42,525,3.5803818702697754
Symmetric Quadratic,2,42,550,3.5923590660095215
Symmetric Quadratic,2,42,575,3.5917856693267822
Symmetric Quadratic,2,42,600,3.6045162677764893
Symmetric Quadratic,2,42,625,3.5997250080108643
Symmetric Quadratic,2,42,650,3.5846149921417236
Symmetric Quadratic,2,42,675,3.6110177040100098
Symmetric Quadratic,2,42,700,3.59692120552063
Symmetric Quadratic,2,42,725,3.6021924018859863
Symmetric Quadratic,2,42,750,3.587334632873535
Symmetric Quadratic,2,42,775,3.599036693572998
Symmetric Quadratic,2,42,800,3.5863025188446045
Symmetric Quadratic,2,42,825,3.594130039215088
Symmetric Quadratic,2,42,850,3.5954816341400146
Symmetric Quadratic,2,42,875,3.574239730834961
Symmetric Quadratic,2,42,900,3.5946853160858154
Symmetric Quadratic,2,42,925,3.5788042545318604
Symmetric Quadratic,2,42,950,3.5560832023620605
Symmetric Quadratic,2,42,975,3.5891807079315186
Symmetric Quadratic,2,42,1000,3.5668654441833496
Symmetric Quadratic,2,42,1025,3.5708019733428955
Symmetric Quadratic,2,42,1050,3.5554676055908203
Symmetric Quadratic,2,42,1075,3.5632662773132324
Symmetric Quadratic,2,42,1100,3.584545612335205
Symmetric Quadratic,2,42,1125,3.562854290008545
Symmetric Quadratic,2,42,1150,3.558128833770752
Symmetric Quadratic,2,42,1175,3.565669536590576
Symmetric Quadratic,2,42,1200,3.5663657188415527
Symmetric Quadratic,2,42,1225,3.5369954109191895
Symmetric Quadratic,2,42,1250,3.509263515472412
Symmetric Quadratic,2,42,1275,3.540336847305298
Symmetric Quadratic,2,42,1300,3.5326128005981445
Symmetric Quadratic,2,42,1325,3.535468101501465
Symmetric Quadratic,2,42,1350,3.5573415756225586
Symmetric Quadratic,2,42,1375,3.543118953704834
Symmetric Quadratic,2,42,1400,3.5207324028015137
Symmetric Quadratic,2,42,1425,3.5230448246002197
Symmetric Quadratic,2,42,1450,3.5040807723999023
Symmetric Quadratic,2,42,1475,3.5061545372009277
Symmetric Quadratic,2,42,1500,3.504612922668457
Symmetric Quadratic,2,42,1525,3.4851508140563965
Symmetric Quadratic,2,42,1550,3.5101265907287598
Symmetric Quadratic,2,42,1575,3.4902446269989014
Symmetric Quadratic,2,42,1600,3.517465114593506
Symmetric Quadratic,2,42,1625,3.516786575317383
Symmetric Quadratic,2,42,1650,3.4990878105163574
Symmetric Quadratic,2,42,1675,3.503175735473633
Symmetric Quadratic,2,42,1700,3.512446641921997
Symmetric Quadratic,2,42,1725,3.5016250610351562
Symmetric Quadratic,2,42,1750,3.509636640548706
Symmetric Quadratic,2,42,1775,3.5197458267211914
Symmetric Quadratic,2,42,1800,3.5000085830688477
Symmetric Quadratic,2,42,1825,3.526573657989502
Symmetric Quadratic,2,42,1850,3.5393710136413574
Symmetric Quadratic,2,42,1875,3.6721181869506836
Symmetric Quadratic,2,42,1900,3.4977221488952637
Symmetric Quadratic,2,42,1925,3.5267629623413086
Symmetric Quadratic,2,42,1950,3.5259532928466797
Symmetric Quadratic,2,42,1975,3.502014636993408
Symmetric Quadratic,2,42,2000,3.5130491256713867
Symmetric Quadratic,2,42,2025,3.55281400680542
Symmetric Quadratic,2,42,2050,3.522156238555908
Symmetric Quadratic,2,42,2075,3.5126800537109375
Symmetric Quadratic,2,42,2100,3.519463062286377
Symmetric Quadratic,2,42,2125,3.5122933387756348
Symmetric Quadratic,2,42,2150,3.52605938911438
Symmetric Quadratic,2,42,2175,3.522845983505249
Symmetric Quadratic,2,42,2200,3.505211353302002
Symmetric Quadratic,2,42,2225,3.473978042602539
Symmetric Quadratic,2,42,2250,3.511151075363159
Symmetric Quadratic,2,42,2275,3.468240261077881
Symmetric Quadratic,2,42,2300,3.4792351722717285
Symmetric Quadratic,2,42,2325,3.5008931159973145
Symmetric Quadratic,2,42,2350,3.5134470462799072
Symmetric Quadratic,2,42,2375,3.4869909286499023
Symmetric Quadratic,2,42,2400,3.505171060562134
Symmetric Quadratic,2,42,2425,3.4911346435546875
Symmetric Quadratic,2,42,2450,3.471794605255127
Symmetric Quadratic,2,42,2475,3.5077967643737793
Symmetric Quadratic,2,42,2500,3.488499641418457
Symmetric Quadratic,2,42,2525,3.474611759185791
Symmetric Quadratic,2,42,2550,3.4868664741516113
Symmetric Quadratic,2,42,2575,3.486191987991333
Symmetric Quadratic,2,42,2600,3.5008702278137207
Symmetric Quadratic,2,42,2625,3.4966444969177246
Symmetric Quadratic,2,42,2650,3.501807928085327
Symmetric Quadratic,2,42,2675,3.4914703369140625
Symmetric Quadratic,2,42,2700,3.517103672027588
Symmetric Quadratic,2,42,2725,3.5133557319641113
Symmetric Quadratic,2,42,2750,3.481666088104248
Symmetric Quadratic,2,42,2775,3.477865695953369
Symmetric Quadratic,2,42,2800,3.491244316101074
Symmetric Quadratic,2,42,2825,3.4774255752563477
Symmetric Quadratic,2,42,2850,3.4570391178131104
Symmetric Quadratic,2,42,2875,3.446044445037842
Symmetric Quadratic,2,42,2900,3.4596211910247803
Symmetric Quadratic,2,42,2925,3.4726333618164062
Symmetric Quadratic,2,42,2950,3.4700558185577393
Symmetric Quadratic,2,42,2975,3.4597055912017822
Symmetric Quadratic,2,42,3000,3.4590327739715576
Symmetric Quadratic,2,42,3025,3.4605860710144043
Symmetric Quadratic,2,42,3050,3.4530868530273438
Symmetric Quadratic,2,42,3075,3.445016622543335
Symmetric Quadratic,2,42,3100,3.4784224033355713
Symmetric Quadratic,2,42,3125,3.465240955352783
Symmetric Quadratic,2,42,3150,3.4578042030334473
Symmetric Quadratic,2,42,3175,3.463074207305908
Symmetric Quadratic,2,42,3200,3.474738121032715
Symmetric Quadratic,2,42,3225,3.4504048824310303
Symmetric Quadratic,2,42,3250,3.4447600841522217
Symmetric Quadratic,2,42,3275,3.4547386169433594
Symmetric Quadratic,2,42,3300,3.449601650238037
Symmetric Quadratic,2,42,3325,3.467102527618408
Symmetric Quadratic,2,42,3350,3.443735122680664
Symmetric Quadratic,2,42,3375,3.4654722213745117
Symmetric Quadratic,2,42,3400,3.476301670074463
Symmetric Quadratic,2,42,3425,3.444871425628662
Symmetric Quadratic,2,42,3450,3.4499306678771973
Symmetric Quadratic,2,42,3475,3.471851348876953
Symmetric Quadratic,2,42,3500,3.4331254959106445
Symmetric Quadratic,2,42,3525,3.429471969604492
Symmetric Quadratic,2,42,3550,3.4423184394836426
Symmetric Quadratic,2,42,3575,3.4368064403533936
Symmetric Quadratic,2,42,3600,3.4590110778808594
Symmetric Quadratic,2,42,3625,3.4756150245666504
Symmetric Quadratic,2,42,3650,3.460735321044922
Symmetric Quadratic,2,42,3675,3.463181257247925
Symmetric Quadratic,2,42,3700,3.455221652984619
Symmetric Quadratic,2,42,3725,3.4486660957336426
Symmetric Quadratic,2,42,3750,3.461188316345215
Symmetric Quadratic,2,42,3775,3.433413505554199
Symmetric Quadratic,2,42,3800,3.456778049468994
Symmetric Quadratic,2,42,3825,3.4469799995422363
Symmetric Quadratic,2,42,3850,3.4360122680664062
Symmetric Quadratic,2,42,3875,3.4614028930664062
Symmetric Quadratic,2,42,3900,3.431352138519287
Symmetric Quadratic,2,42,3925,3.436962842941284
Symmetric Quadratic,2,42,3950,3.400123119354248
Symmetric Quadratic,2,42,3975,3.39854097366333
Symmetric Quadratic,2,42,4000,3.4184210300445557
Symmetric Quadratic,2,42,4025,3.4274680614471436
Symmetric Quadratic,2,42,4050,3.422147274017334
Symmetric Quadratic,2,42,4075,3.4288392066955566
Symmetric Quadratic,2,42,4100,3.4362704753875732
Symmetric Quadratic,2,42,4125,3.4374101161956787
Symmetric Quadratic,2,42,4150,3.4152426719665527
Symmetric Quadratic,2,42,4175,3.4108262062072754
Symmetric Quadratic,2,42,4200,3.422527551651001
Symmetric Quadratic,2,42,4225,3.4413928985595703
Symmetric Quadratic,2,42,4250,3.4148993492126465
Symmetric Quadratic,2,42,4275,3.42734956741333
Symmetric Quadratic,2,42,4300,3.4434609413146973
Symmetric Quadratic,2,42,4325,3.431204319000244
Symmetric Quadratic,2,42,4350,3.438978672027588
Symmetric Quadratic,2,42,4375,3.4366283416748047
Symmetric Quadratic,2,42,4400,3.421905994415283
Symmetric Quadratic,2,42,4425,3.4116408824920654
Symmetric Quadratic,2,42,4450,3.4370548725128174
Symmetric Quadratic,2,42,4475,3.4363741874694824
Symmetric Quadratic,2,42,4500,3.4387521743774414
Symmetric Quadratic,2,42,4525,3.437939167022705
Symmetric Quadratic,2,42,4550,3.4347171783447266
Symmetric Quadratic,2,42,4575,3.4516773223876953
Symmetric Quadratic,2,42,4600,3.4069671630859375
Symmetric Quadratic,2,42,4625,3.385730266571045
Symmetric Quadratic,2,42,4650,3.415276527404785
Symmetric Quadratic,2,42,4675,3.3901283740997314
Symmetric Quadratic,2,42,4700,3.407205581665039
Symmetric Quadratic,2,42,4725,3.419140338897705
Symmetric Quadratic,2,42,4750,3.416494369506836
Symmetric Quadratic,2,42,4775,3.4055633544921875
Symmetric Quadratic,2,42,4800,3.397181987762451
Symmetric Quadratic,2,42,4825,3.4137508869171143
Symmetric Quadratic,2,42,4850,3.4082512855529785
Symmetric Quadratic,2,42,4875,3.3988187313079834
Symmetric Quadratic,2,42,4900,3.3970460891723633
Symmetric Quadratic,2,42,4925,3.4271492958068848
Symmetric Quadratic,2,42,4950,3.409493923187256
Symmetric Quadratic,2,42,4975,3.3828039169311523
Symmetric Quadratic,2,42,5000,3.408130645751953
LoRA,8,42,1,3.830655574798584
LoRA,8,42,25,3.8273978233337402
LoRA,8,42,50,3.8161139488220215
LoRA,8,42,75,3.8002376556396484
LoRA,8,42,100,3.775261402130127
LoRA,8,42,125,3.7376813888549805
LoRA,8,42,150,3.706537961959839
LoRA,8,42,175,3.6991467475891113
LoRA,8,42,200,3.661823272705078
LoRA,8,42,225,3.640467405319214
LoRA,8,42,250,3.6452138423919678
LoRA,8,42,275,3.6507110595703125
LoRA,8,42,300,3.6246957778930664
LoRA,8,42,325,3.6219534873962402
LoRA,8,42,350,3.622868537902832
LoRA,8,42,375,3.6291093826293945
LoRA,8,42,400,3.602348804473877
LoRA,8,42,425,3.606234312057495
LoRA,8,42,450,3.576106548309326
LoRA,8,42,475,3.580594539642334
LoRA,8,42,500,3.5826215744018555
LoRA,8,42,525,3.557525157928467
LoRA,8,42,550,3.5646238327026367
LoRA,8,42,575,3.570782423019409
LoRA,8,42,600,3.5699586868286133
LoRA,8,42,625,3.567227363586426
LoRA,8,42,650,3.5697107315063477
LoRA,8,42,675,3.575791120529175
LoRA,8,42,700,3.573244571685791
LoRA,8,42,725,3.570190906524658
LoRA,8,42,750,3.577824592590332
LoRA,8,42,775,3.5724003314971924
LoRA,8,42,800,3.5795798301696777
LoRA,8,42,825,3.5788865089416504
LoRA,8,42,850,3.5784125328063965
LoRA,8,42,875,3.5693540573120117
LoRA,8,42,900,3.565913200378418
LoRA,8,42,925,3.5607080459594727
LoRA,8,42,950,3.549185037612915
LoRA,8,42,975,3.552382230758667
LoRA,8,42,1000,3.5561001300811768
LoRA,8,42,1025,3.557368278503418
LoRA,8,42,1050,3.5437850952148438
LoRA,8,42,1075,3.556413412094116
LoRA,8,42,1100,3.5616836547851562
LoRA,8,42,1125,3.5490546226501465
LoRA,8,42,1150,3.5333189964294434
LoRA,8,42,1175,3.5365705490112305
LoRA,8,42,1200,3.540372371673584
LoRA,8,42,1225,3.519068717956543
LoRA,8,42,1250,3.5066068172454834
LoRA,8,42,1275,3.5106544494628906
LoRA,8,42,1300,3.5025322437286377
LoRA,8,42,1325,3.5041513442993164
LoRA,8,42,1350,3.520313024520874
LoRA,8,42,1375,3.5193662643432617
LoRA,8,42,1400,3.5100512504577637
LoRA,8,42,1425,3.504937171936035
LoRA,8,42,1450,3.4884002208709717
LoRA,8,42,1475,3.480320930480957
LoRA,8,42,1500,3.48270845413208
LoRA,8,42,1525,3.4717326164245605
LoRA,8,42,1550,3.4910614490509033
LoRA,8,42,1575,3.472468852996826
LoRA,8,42,1600,3.4807894229888916
LoRA,8,42,1625,3.4839839935302734
LoRA,8,42,1650,3.4693875312805176
LoRA,8,42,1675,3.4725375175476074
LoRA,8,42,1700,3.475118637084961
LoRA,8,42,1725,3.4741439819335938
LoRA,8,42,1750,3.4737930297851562
LoRA,8,42,1775,3.4798994064331055
LoRA,8,42,1800,3.4737792015075684
LoRA,8,42,1825,3.4811596870422363
LoRA,8,42,1850,3.4896743297576904
LoRA,8,42,1875,3.4735355377197266
LoRA,8,42,1900,3.459895372390747
LoRA,8,42,1925,3.4682250022888184
LoRA,8,42,1950,3.4770307540893555
LoRA,8,42,1975,3.47214412689209
LoRA,8,42,2000,3.4677488803863525
LoRA,8,42,2025,3.4815638065338135
LoRA,8,42,2050,3.471940755844116
LoRA,8,42,2075,3.460514545440674
LoRA,8,42,2100,3.4578938484191895
LoRA,8,42,2125,3.464383125305176
LoRA,8,42,2150,3.4635095596313477
LoRA,8,42,2175,3.467425584793091
LoRA,8,42,2200,3.4590506553649902
LoRA,8,42,2225,3.432150363922119
LoRA,8,42,2250,3.4352645874023438
LoRA,8,42,2275,3.4237213134765625
LoRA,8,42,2300,3.433422327041626
LoRA,8,42,2325,3.439573287963867
LoRA,8,42,2350,3.4305319786071777
LoRA,8,42,2375,3.4281132221221924
LoRA,8,42,2400,3.4299159049987793
LoRA,8,42,2425,3.421783924102783
LoRA,8,42,2450,3.4025988578796387
LoRA,8,42,2475,3.4191508293151855
LoRA,8,42,2500,3.4254469871520996
LoRA,8,42,2525,3.4164772033691406
LoRA,8,42,2550,3.4137439727783203
LoRA,8,42,2575,3.416658878326416
LoRA,8,42,2600,3.428680896759033
LoRA,8,42,2625,3.4290072917938232
LoRA,8,42,2650,3.440065383911133
LoRA,8,42,2675,3.431349515914917
LoRA,8,42,2700,3.4315943717956543
LoRA,8,42,2725,3.4389963150024414
LoRA,8,42,2750,3.425527334213257
LoRA,8,42,2775,3.4028844833374023
LoRA,8,42,2800,3.4119465351104736
LoRA,8,42,2825,3.4012882709503174
LoRA,8,42,2850,3.374537944793701
LoRA,8,42,2875,3.366654396057129
LoRA,8,42,2900,3.3803114891052246
LoRA,8,42,2925,3.3868420124053955
LoRA,8,42,2950,3.3817715644836426
LoRA,8,42,2975,3.391416072845459
LoRA,8,42,3000,3.3882808685302734
LoRA,8,42,3025,3.3821029663085938
LoRA,8,42,3050,3.384671688079834
LoRA,8,42,3075,3.3752241134643555
LoRA,8,42,3100,3.382838010787964
LoRA,8,42,3125,3.3872697353363037
LoRA,8,42,3150,3.3768491744995117
LoRA,8,42,3175,3.3865530490875244
LoRA,8,42,3200,3.382628917694092
LoRA,8,42,3225,3.3695363998413086
LoRA,8,42,3250,3.3633763790130615
LoRA,8,42,3275,3.36276912689209
LoRA,8,42,3300,3.353534698486328
LoRA,8,42,3325,3.3500537872314453
LoRA,8,42,3350,3.3488941192626953
LoRA,8,42,3375,3.358097553253174
LoRA,8,42,3400,3.359971284866333
LoRA,8,42,3425,3.3586323261260986
LoRA,8,42,3450,3.36322283744812
LoRA,8,42,3475,3.367931365966797
LoRA,8,42,3500,3.3548078536987305
LoRA,8,42,3525,3.352682113647461
LoRA,8,42,3550,3.3487229347229004
LoRA,8,42,3575,3.362013101577759
LoRA,8,42,3600,3.3673763275146484
LoRA,8,42,3625,3.3779401779174805
LoRA,8,42,3650,3.379802703857422
LoRA,8,42,3675,3.3746371269226074
LoRA,8,42,3700,3.371004581451416
LoRA,8,42,3725,3.3711085319519043
LoRA,8,42,3750,3.35721492767334
LoRA,8,42,3775,3.344578981399536
LoRA,8,42,3800,3.352604389190674
LoRA,8,42,3825,3.3489198684692383
LoRA,8,42,3850,3.3327598571777344
LoRA,8,42,3875,3.3520917892456055
LoRA,8,42,3900,3.3508224487304688
LoRA,8,42,3925,3.341970682144165
LoRA,8,42,3950,3.3085267543792725
LoRA,8,42,3975,3.3063840866088867
LoRA,8,42,4000,3.312321424484253
LoRA,8,42,4025,3.3164639472961426
LoRA,8,42,4050,3.3202900886535645
LoRA,8,42,4075,3.326118230819702
LoRA,8,42,4100,3.3344321250915527
LoRA,8,42,4125,3.3353545665740967
LoRA,8,42,4150,3.326547384262085
LoRA,8,42,4175,3.3097176551818848
LoRA,8,42,4200,3.324448823928833
LoRA,8,42,4225,3.330230236053467
LoRA,8,42,4250,3.3260338306427
LoRA,8,42,4275,3.3358538150787354
LoRA,8,42,4300,3.3379955291748047
LoRA,8,42,4325,3.3305938243865967
LoRA,8,42,4350,3.3310985565185547
LoRA,8,42,4375,3.3328287601470947
LoRA,8,42,4400,3.321746349334717
LoRA,8,42,4425,3.3121933937072754
LoRA,8,42,4450,3.3297321796417236
LoRA,8,42,4475,3.356515407562256
LoRA,8,42,4500,3.3421621322631836
LoRA,8,42,4525,3.34258770942688
LoRA,8,42,4550,3.345242977142334
LoRA,8,42,4575,3.348423957824707
LoRA,8,42,4600,3.3295536041259766
LoRA,8,42,4625,3.3040261268615723
LoRA,8,42,4650,3.3039770126342773
LoRA,8,42,4675,3.295045852661133
LoRA,8,42,4700,3.3000850677490234
LoRA,8,42,4725,3.30326509475708
LoRA,8,42,4750,3.305912971496582
LoRA,8,42,4775,3.3050599098205566
LoRA,8,42,4800,3.299683094024658
LoRA,8,42,4825,3.301333427429199
LoRA,8,42,4850,3.318831443786621
LoRA,8,42,4875,3.317415714263916
LoRA,8,42,4900,3.3130855560302734
LoRA,8,42,4925,3.3193917274475098
LoRA,8,42,4950,3.3207595348358154
LoRA,8,42,4975,3.309891700744629
LoRA,8,42,5000,3.3164684772491455
LoRA,4,123,1,3.8289237022399902
LoRA,4,123,25,3.828768253326416
LoRA,4,123,50,3.8092041015625
LoRA,4,123,75,3.7858777046203613
LoRA,4,123,100,3.759221076965332
LoRA,4,123,125,3.7170300483703613
LoRA,4,123,150,3.684013843536377
LoRA,4,123,175,3.6559767723083496
LoRA,4,123,200,3.640791416168213
LoRA,4,123,225,3.637576103210449
LoRA,4,123,250,3.6418590545654297
LoRA,4,123,275,3.6452558040618896
LoRA,4,123,300,3.619852304458618
LoRA,4,123,325,3.6157307624816895
LoRA,4,123,350,3.623555898666382
LoRA,4,123,375,3.629530191421509
LoRA,4,123,400,3.6079185009002686
LoRA,4,123,425,3.622143030166626
LoRA,4,123,450,3.5828969478607178
LoRA,4,123,475,3.5868401527404785
LoRA,4,123,500,3.5947959423065186
LoRA,4,123,525,3.565211057662964
LoRA,4,123,550,3.575958728790283
LoRA,4,123,575,3.572556495666504
LoRA,4,123,600,3.5691275596618652
LoRA,4,123,625,3.571342945098877
LoRA,4,123,650,3.576841115951538
LoRA,4,123,675,3.585721969604492
LoRA,4,123,700,3.5817837715148926
LoRA,4,123,725,3.573063850402832
LoRA,4,123,750,3.587651014328003
LoRA,4,123,775,3.5774431228637695
LoRA,4,123,800,3.5898096561431885
LoRA,4,123,825,3.5901479721069336
LoRA,4,123,850,3.5829648971557617
LoRA,4,123,875,3.5810775756835938
LoRA,4,123,900,3.5727925300598145
LoRA,4,123,925,3.570711851119995
LoRA,4,123,950,3.552021026611328
LoRA,4,123,975,3.5567121505737305
LoRA,4,123,1000,3.558596134185791
LoRA,4,123,1025,3.565546989440918
LoRA,4,123,1050,3.5549187660217285
LoRA,4,123,1075,3.5676798820495605
LoRA,4,123,1100,3.5804860591888428
LoRA,4,123,1125,3.5636143684387207
LoRA,4,123,1150,3.5433614253997803
LoRA,4,123,1175,3.548018455505371
LoRA,4,123,1200,3.5507235527038574
LoRA,4,123,1225,3.5378942489624023
LoRA,4,123,1250,3.5229015350341797
LoRA,4,123,1275,3.5252621173858643
LoRA,4,123,1300,3.5220835208892822
LoRA,4,123,1325,3.523266553878784
LoRA,4,123,1350,3.5360682010650635
LoRA,4,123,1375,3.5337107181549072
LoRA,4,123,1400,3.521886110305786
LoRA,4,123,1425,3.527784824371338
LoRA,4,123,1450,3.4990086555480957
LoRA,4,123,1475,3.487557888031006
LoRA,4,123,1500,3.4869730472564697
LoRA,4,123,1525,3.4765703678131104
LoRA,4,123,1550,3.4967851638793945
LoRA,4,123,1575,3.477532386779785
LoRA,4,123,1600,3.4813804626464844
LoRA,4,123,1625,3.490366220474243
LoRA,4,123,1650,3.4739818572998047
LoRA,4,123,1675,3.4724550247192383
LoRA,4,123,1700,3.4785315990448
LoRA,4,123,1725,3.4730114936828613
LoRA,4,123,1750,3.472527503967285
LoRA,4,123,1775,3.478363513946533
LoRA,4,123,1800,3.463202476501465
LoRA,4,123,1825,3.4740140438079834
LoRA,4,123,1850,3.493359327316284
LoRA,4,123,1875,3.4700632095336914
LoRA,4,123,1900,3.447300910949707
LoRA,4,123,1925,3.4573352336883545
LoRA,4,123,1950,3.4690778255462646
LoRA,4,123,1975,3.4573607444763184
LoRA,4,123,2000,3.4523470401763916
LoRA,4,123,2025,3.470259189605713
LoRA,4,123,2050,3.463824987411499
LoRA,4,123,2075,3.459263801574707
LoRA,4,123,2100,3.4466497898101807
LoRA,4,123,2125,3.4543957710266113
LoRA,4,123,2150,3.4471142292022705
LoRA,4,123,2175,3.4536428451538086
LoRA,4,123,2200,3.4356656074523926
LoRA,4,123,2225,3.4194228649139404
LoRA,4,123,2250,3.4313066005706787
LoRA,4,123,2275,3.4190144538879395
LoRA,4,123,2300,3.426003932952881
LoRA,4,123,2325,3.42960262298584
LoRA,4,123,2350,3.418473482131958
LoRA,4,123,2375,3.420191764831543
LoRA,4,123,2400,3.4147088527679443
LoRA,4,123,2425,3.4088211059570312
LoRA,4,123,2450,3.3957936763763428
LoRA,4,123,2475,3.4180099964141846
LoRA,4,123,2500,3.423389434814453
LoRA,4,123,2525,3.4121179580688477
LoRA,4,123,2550,3.417928695678711
LoRA,4,123,2575,3.422670841217041
LoRA,4,123,2600,3.4381113052368164
LoRA,4,123,2625,3.4319047927856445
LoRA,4,123,2650,3.437396287918091
LoRA,4,123,2675,3.433199882507324
LoRA,4,123,2700,3.4392428398132324
LoRA,4,123,2725,3.441408157348633
LoRA,4,123,2750,3.4235999584198
LoRA,4,123,2775,3.409635305404663
LoRA,4,123,2800,3.4160890579223633
LoRA,4,123,2825,3.4115066528320312
LoRA,4,123,2850,3.383251428604126
LoRA,4,123,2875,3.3761444091796875
LoRA,4,123,2900,3.39260196685791
LoRA,4,123,2925,3.4015214443206787
LoRA,4,123,2950,3.3920888900756836
LoRA,4,123,2975,3.40399169921875
LoRA,4,123,3000,3.406127691268921
LoRA,4,123,3025,3.4026474952697754
LoRA,4,123,3050,3.4046144485473633
LoRA,4,123,3075,3.3901164531707764
LoRA,4,123,3100,3.397223472595215
LoRA,4,123,3125,3.3994853496551514
LoRA,4,123,3150,3.3955445289611816
LoRA,4,123,3175,3.3997597694396973
LoRA,4,123,3200,3.4007720947265625
LoRA,4,123,3225,3.3880982398986816
LoRA,4,123,3250,3.378159523010254
LoRA,4,123,3275,3.3779211044311523
LoRA,4,123,3300,3.3722658157348633
LoRA,4,123,3325,3.371647834777832
LoRA,4,123,3350,3.37186336517334
LoRA,4,123,3375,3.382087230682373
LoRA,4,123,3400,3.3900208473205566
LoRA,4,123,3425,3.381168842315674
LoRA,4,123,3450,3.387139081954956
LoRA,4,123,3475,3.397756576538086
LoRA,4,123,3500,3.383183479309082
LoRA,4,123,3525,3.3697657585144043
LoRA,4,123,3550,3.3682117462158203
LoRA,4,123,3575,3.3805747032165527
LoRA,4,123,3600,3.3916313648223877
LoRA,4,123,3625,3.407197952270508
LoRA,4,123,3650,3.405839204788208
LoRA,4,123,3675,3.396395206451416
LoRA,4,123,3700,3.3992371559143066
LoRA,4,123,3725,3.3942806720733643
LoRA,4,123,3750,3.3847403526306152
LoRA,4,123,3775,3.3643054962158203
LoRA,4,123,3800,3.375044822692871
LoRA,4,123,3825,3.371522903442383
LoRA,4,123,3850,3.3617305755615234
LoRA,4,123,3875,3.3821651935577393
LoRA,4,123,3900,3.382294178009033
LoRA,4,123,3925,3.368013858795166
LoRA,4,123,3950,3.3405539989471436
LoRA,4,123,3975,3.329256057739258
LoRA,4,123,4000,3.343212604522705
LoRA,4,123,4025,3.3406362533569336
LoRA,4,123,4050,3.343912124633789
LoRA,4,123,4075,3.3512110710144043
LoRA,4,123,4100,3.356295108795166
LoRA,4,123,4125,3.3586325645446777
LoRA,4,123,4150,3.353041410446167
LoRA,4,123,4175,3.3339974880218506
LoRA,4,123,4200,3.3451108932495117
LoRA,4,123,4225,3.3533754348754883
LoRA,4,123,4250,3.345651626586914
LoRA,4,123,4275,3.357964038848877
LoRA,4,123,4300,3.362541437149048
LoRA,4,123,4325,3.3607935905456543
LoRA,4,123,4350,3.360365867614746
LoRA,4,123,4375,3.3673415184020996
LoRA,4,123,4400,3.3557288646698
LoRA,4,123,4425,3.3449435234069824
LoRA,4,123,4450,3.36781907081604
LoRA,4,123,4475,3.3959860801696777
LoRA,4,123,4500,3.3756296634674072
LoRA,4,123,4525,3.378211498260498
LoRA,4,123,4550,3.382556676864624
LoRA,4,123,4575,3.395125389099121
LoRA,4,123,4600,3.368229866027832
LoRA,4,123,4625,3.3473305702209473
LoRA,4,123,4650,3.349099636077881
LoRA,4,123,4675,3.3373653888702393
LoRA,4,123,4700,3.3417739868164062
LoRA,4,123,4725,3.340219497680664
LoRA,4,123,4750,3.3409838676452637
LoRA,4,123,4775,3.347571849822998
LoRA,4,123,4800,3.3381547927856445
LoRA,4,123,4825,3.342270851135254
LoRA,4,123,4850,3.353027820587158
LoRA,4,123,4875,3.3526453971862793
LoRA,4,123,4900,3.3456501960754395
LoRA,4,123,4925,3.3595468997955322
LoRA,4,123,4950,3.3607125282287598
LoRA,4,123,4975,3.345750331878662
LoRA,4,123,5000,3.354067325592041
LoRA,4,456,1,3.829008102416992
LoRA,4,456,25,3.825838088989258
LoRA,4,456,50,3.8148012161254883
LoRA,4,456,75,3.803536891937256
LoRA,4,456,100,3.7830333709716797
LoRA,4,456,125,3.7516016960144043
LoRA,4,456,150,3.7156076431274414
LoRA,4,456,175,3.7018470764160156
LoRA,4,456,200,3.6776933670043945
LoRA,4,456,225,3.643303394317627
LoRA,4,456,250,3.6303558349609375
LoRA,4,456,275,3.63108491897583
LoRA,4,456,300,3.6123859882354736
LoRA,4,456,325,3.6110687255859375
LoRA,4,456,350,3.610819101333618
LoRA,4,456,375,3.6165013313293457
LoRA,4,456,400,3.5954604148864746
LoRA,4,456,425,3.6105823516845703
LoRA,4,456,450,3.56811261177063
LoRA,4,456,475,3.5771138668060303
LoRA,4,456,500,3.5840811729431152
LoRA,4,456,525,3.5540432929992676
LoRA,4,456,550,3.5611162185668945
LoRA,4,456,575,3.566516876220703
LoRA,4,456,600,3.5617127418518066
LoRA,4,456,625,3.562744617462158
LoRA,4,456,650,3.5730719566345215
LoRA,4,456,675,3.5747268199920654
LoRA,4,456,700,3.5723118782043457
LoRA,4,456,725,3.572822332382202
LoRA,4,456,750,3.578922986984253
LoRA,4,456,775,3.576022148132324
LoRA,4,456,800,3.5835328102111816
LoRA,4,456,825,3.580596685409546
LoRA,4,456,850,3.576587677001953
LoRA,4,456,875,3.570725440979004
LoRA,4,456,900,3.5699169635772705
LoRA,4,456,925,3.5620932579040527
LoRA,4,456,950,3.5421838760375977
LoRA,4,456,975,3.547219753265381
LoRA,4,456,1000,3.5487284660339355
LoRA,4,456,1025,3.5496602058410645
LoRA,4,456,1050,3.5419230461120605
LoRA,4,456,1075,3.5497398376464844
LoRA,4,456,1100,3.5532259941101074
LoRA,4,456,1125,3.5425472259521484
LoRA,4,456,1150,3.5278239250183105
LoRA,4,456,1175,3.537173271179199
LoRA,4,456,1200,3.539365291595459
LoRA,4,456,1225,3.526625156402588
LoRA,4,456,1250,3.512986183166504
LoRA,4,456,1275,3.506711483001709
LoRA,4,456,1300,3.5076775550842285
LoRA,4,456,1325,3.50757098197937
LoRA,4,456,1350,3.516026496887207
LoRA,4,456,1375,3.5097219944000244
LoRA,4,456,1400,3.5046472549438477
LoRA,4,456,1425,3.5058674812316895
LoRA,4,456,1450,3.486504554748535
LoRA,4,456,1475,3.4769363403320312
LoRA,4,456,1500,3.4805567264556885
LoRA,4,456,1525,3.4728593826293945
LoRA,4,456,1550,3.494666576385498
LoRA,4,456,1575,3.474040985107422
LoRA,4,456,1600,3.4753403663635254
LoRA,4,456,1625,3.480800151824951
LoRA,4,456,1650,3.466083526611328
LoRA,4,456,1675,3.4662904739379883
LoRA,4,456,1700,3.473781108856201
LoRA,4,456,1725,3.4719297885894775
LoRA,4,456,1750,3.4693689346313477
LoRA,4,456,1775,3.4764862060546875
LoRA,4,456,1800,3.467210292816162
LoRA,4,456,1825,3.4776291847229004
LoRA,4,456,1850,3.4886279106140137
LoRA,4,456,1875,3.474071979522705
LoRA,4,456,1900,3.4569711685180664
LoRA,4,456,1925,3.46543550491333
LoRA,4,456,1950,3.4714913368225098
LoRA,4,456,1975,3.4642210006713867
LoRA,4,456,2000,3.4610209465026855
LoRA,4,456,2025,3.4756991863250732
LoRA,4,456,2050,3.471947193145752
LoRA,4,456,2075,3.469809055328369
LoRA,4,456,2100,3.4600696563720703
LoRA,4,456,2125,3.4655628204345703
LoRA,4,456,2150,3.4607620239257812
LoRA,4,456,2175,3.459394693374634
LoRA,4,456,2200,3.446920871734619
LoRA,4,456,2225,3.4344482421875
LoRA,4,456,2250,3.4419803619384766
LoRA,4,456,2275,3.4288692474365234
LoRA,4,456,2300,3.43857479095459
LoRA,4,456,2325,3.441314935684204
LoRA,4,456,2350,3.4389607906341553
LoRA,4,456,2375,3.4311304092407227
LoRA,4,456,2400,3.4337351322174072
LoRA,4,456,2425,3.42838191986084
LoRA,4,456,2450,3.417386293411255
LoRA,4,456,2475,3.436267614364624
LoRA,4,456,2500,3.439779758453369
LoRA,4,456,2525,3.4280662536621094
LoRA,4,456,2550,3.424225330352783
LoRA,4,456,2575,3.4259033203125
LoRA,4,456,2600,3.4411849975585938
LoRA,4,456,2625,3.4393868446350098
LoRA,4,456,2650,3.4482192993164062
LoRA,4,456,2675,3.4406983852386475
LoRA,4,456,2700,3.4547457695007324
LoRA,4,456,2725,3.4535088539123535
LoRA,4,456,2750,3.4366304874420166
LoRA,4,456,2775,3.4245800971984863
LoRA,4,456,2800,3.429333209991455
LoRA,4,456,2825,3.4222230911254883
LoRA,4,456,2850,3.394495964050293
LoRA,4,456,2875,3.3909451961517334
LoRA,4,456,2900,3.397000312805176
LoRA,4,456,2925,3.4093401432037354
LoRA,4,456,2950,3.3975024223327637
LoRA,4,456,2975,3.410773754119873
LoRA,4,456,3000,3.4020395278930664
LoRA,4,456,3025,3.3933982849121094
LoRA,4,456,3050,3.404728412628174
LoRA,4,456,3075,3.392062187194824
LoRA,4,456,3100,3.396928310394287
LoRA,4,456,3125,3.4014368057250977
LoRA,4,456,3150,3.400423049926758
LoRA,4,456,3175,3.4059956073760986
LoRA,4,456,3200,3.4005441665649414
LoRA,4,456,3225,3.3885536193847656
LoRA,4,456,3250,3.3810887336730957
LoRA,4,456,3275,3.3823583126068115
LoRA,4,456,3300,3.3806324005126953
LoRA,4,456,3325,3.374329090118408
LoRA,4,456,3350,3.3714544773101807
LoRA,4,456,3375,3.385194778442383
LoRA,4,456,3400,3.3861007690429688
LoRA,4,456,3425,3.3785533905029297
LoRA,4,456,3450,3.3818116188049316
LoRA,4,456,3475,3.3993163108825684
LoRA,4,456,3500,3.3735785484313965
LoRA,4,456,3525,3.367711305618286
LoRA,4,456,3550,3.3684051036834717
LoRA,4,456,3575,3.3795459270477295
LoRA,4,456,3600,3.3914074897766113
LoRA,4,456,3625,3.405858039855957
LoRA,4,456,3650,3.4050183296203613
LoRA,4,456,3675,3.3975605964660645
LoRA,4,456,3700,3.398040533065796
LoRA,4,456,3725,3.3936378955841064
LoRA,4,456,3750,3.380890369415283
LoRA,4,456,3775,3.3651034832000732
LoRA,4,456,3800,3.3714349269866943
LoRA,4,456,3825,3.361269950866699
LoRA,4,456,3850,3.3571839332580566
LoRA,4,456,3875,3.3795440196990967
LoRA,4,456,3900,3.3759965896606445
LoRA,4,456,3925,3.3697240352630615
LoRA,4,456,3950,3.33689284324646
LoRA,4,456,3975,3.330641269683838
LoRA,4,456,4000,3.33917236328125
LoRA,4,456,4025,3.347031831741333
LoRA,4,456,4050,3.350268840789795
LoRA,4,456,4075,3.3516523838043213
LoRA,4,456,4100,3.360485553741455
LoRA,4,456,4125,3.3624746799468994
LoRA,4,456,4150,3.3546640872955322
LoRA,4,456,4175,3.3328702449798584
LoRA,4,456,4200,3.353762149810791
LoRA,4,456,4225,3.35691237449646
LoRA,4,456,4250,3.347975492477417
LoRA,4,456,4275,3.367032527923584
LoRA,4,456,4300,3.3700270652770996
LoRA,4,456,4325,3.365049362182617
LoRA,4,456,4350,3.36368465423584
LoRA,4,456,4375,3.3641300201416016
LoRA,4,456,4400,3.349903106689453
LoRA,4,456,4425,3.3398263454437256
LoRA,4,456,4450,3.36285400390625
LoRA,4,456,4475,3.3910045623779297
LoRA,4,456,4500,3.3685433864593506
LoRA,4,456,4525,3.3665621280670166
LoRA,4,456,4550,3.3753960132598877
LoRA,4,456,4575,3.378244400024414
LoRA,4,456,4600,3.3486340045928955
LoRA,4,456,4625,3.3292946815490723
LoRA,4,456,4650,3.33406925201416
LoRA,4,456,4675,3.31803035736084
LoRA,4,456,4700,3.3307666778564453
LoRA,4,456,4725,3.3300790786743164
LoRA,4,456,4750,3.331110715866089
LoRA,4,456,4775,3.331233501434326
LoRA,4,456,4800,3.3303871154785156
LoRA,4,456,4825,3.3301103115081787
LoRA,4,456,4850,3.342658758163452
LoRA,4,456,4875,3.3450236320495605
LoRA,4,456,4900,3.336862087249756
LoRA,4,456,4925,3.345493793487549
LoRA,4,456,4950,3.3485267162323
LoRA,4,456,4975,3.3308942317962646
LoRA,4,456,5000,3.337545871734619
Symmetric Quadratic,1,456,1,3.831101894378662
Symmetric Quadratic,1,456,25,3.8285906314849854
Symmetric Quadratic,1,456,50,3.8159265518188477
Symmetric Quadratic,1,456,75,3.8153645992279053
Symmetric Quadratic,1,456,100,3.811398506164551
Symmetric Quadratic,1,456,125,3.805560827255249
Symmetric Quadratic,1,456,150,3.7972731590270996
Symmetric Quadratic,1,456,175,3.802079677581787
Symmetric Quadratic,1,456,200,3.77706241607666
Symmetric Quadratic,1,456,225,3.758735179901123
Symmetric Quadratic,1,456,250,3.744551658630371
Symmetric Quadratic,1,456,275,3.7122836112976074
Symmetric Quadratic,1,456,300,3.6871118545532227
Symmetric Quadratic,1,456,325,3.71059250831604
Symmetric Quadratic,1,456,350,3.6820011138916016
Symmetric Quadratic,1,456,375,3.692803144454956
Symmetric Quadratic,1,456,400,3.674315929412842
Symmetric Quadratic,1,456,425,3.6773133277893066
Symmetric Quadratic,1,456,450,3.6730051040649414
Symmetric Quadratic,1,456,475,3.6633238792419434
Symmetric Quadratic,1,456,500,3.664245843887329
Symmetric Quadratic,1,456,525,3.630462646484375
Symmetric Quadratic,1,456,550,3.655850410461426
Symmetric Quadratic,1,456,575,3.6392171382904053
Symmetric Quadratic,1,456,600,3.6536049842834473
Symmetric Quadratic,1,456,625,3.6426544189453125
Symmetric Quadratic,1,456,650,3.6373910903930664
Symmetric Quadratic,1,456,675,3.6541664600372314
Symmetric Quadratic,1,456,700,3.6561341285705566
Symmetric Quadratic,1,456,725,3.654139280319214
Symmetric Quadratic,1,456,750,3.665494918823242
Symmetric Quadratic,1,456,775,3.662322998046875
Symmetric Quadratic,1,456,800,3.6513795852661133
Symmetric Quadratic,1,456,825,3.658282518386841
Symmetric Quadratic,1,456,850,3.6501379013061523
Symmetric Quadratic,1,456,875,3.63222599029541
Symmetric Quadratic,1,456,900,3.6600942611694336
Symmetric Quadratic,1,456,925,3.649599075317383
Symmetric Quadratic,1,456,950,3.6172914505004883
Symmetric Quadratic,1,456,975,3.6410489082336426
Symmetric Quadratic,1,456,1000,3.6340534687042236
Symmetric Quadratic,1,456,1025,3.640754222869873
Symmetric Quadratic,1,456,1050,3.6223714351654053
Symmetric Quadratic,1,456,1075,3.6707942485809326
Symmetric Quadratic,1,456,1100,3.6409010887145996
Symmetric Quadratic,1,456,1125,3.6373586654663086
Symmetric Quadratic,1,456,1150,3.638366222381592
Symmetric Quadratic,1,456,1175,3.634050130844116
Symmetric Quadratic,1,456,1200,3.631861448287964
Symmetric Quadratic,1,456,1225,3.612934112548828
Symmetric Quadratic,1,456,1250,3.6005380153656006
Symmetric Quadratic,1,456,1275,3.6212267875671387
Symmetric Quadratic,1,456,1300,3.6312508583068848
Symmetric Quadratic,1,456,1325,3.6226119995117188
Symmetric Quadratic,1,456,1350,3.624039649963379
Symmetric Quadratic,1,456,1375,3.6278834342956543
Symmetric Quadratic,1,456,1400,3.598165512084961
Symmetric Quadratic,1,456,1425,3.602787971496582
Symmetric Quadratic,1,456,1450,3.59002947807312
Symmetric Quadratic,1,456,1475,3.592672348022461
Symmetric Quadratic,1,456,1500,3.578580141067505
Symmetric Quadratic,1,456,1525,3.6001853942871094
Symmetric Quadratic,1,456,1550,3.621528148651123
Symmetric Quadratic,1,456,1575,3.5925564765930176
Symmetric Quadratic,1,456,1600,3.6103391647338867
Symmetric Quadratic,1,456,1625,3.608402967453003
Symmetric Quadratic,1,456,1650,3.5946907997131348
Symmetric Quadratic,1,456,1675,3.5947818756103516
Symmetric Quadratic,1,456,1700,3.596971035003662
Symmetric Quadratic,1,456,1725,3.5814156532287598
Symmetric Quadratic,1,456,1750,3.593221664428711
Symmetric Quadratic,1,456,1775,3.6282691955566406
Symmetric Quadratic,1,456,1800,3.594730854034424
Symmetric Quadratic,1,456,1825,3.6188979148864746
Symmetric Quadratic,1,456,1850,3.618482828140259
Symmetric Quadratic,1,456,1875,3.5953369140625
Symmetric Quadratic,1,456,1900,3.5837807655334473
Symmetric Quadratic,1,456,1925,3.5962276458740234
Symmetric Quadratic,1,456,1950,3.6079602241516113
Symmetric Quadratic,1,456,1975,3.6166796684265137
Symmetric Quadratic,1,456,2000,3.5983574390411377
Symmetric Quadratic,1,456,2025,3.641170024871826
Symmetric Quadratic,1,456,2050,3.60445499420166
Symmetric Quadratic,1,456,2075,3.6330862045288086
Symmetric Quadratic,1,456,2100,3.5977373123168945
Symmetric Quadratic,1,456,2125,3.603440046310425
Symmetric Quadratic,1,456,2150,3.6033666133880615
Symmetric Quadratic,1,456,2175,3.594834327697754
Symmetric Quadratic,1,456,2200,3.5822203159332275
Symmetric Quadratic,1,456,2225,3.580806255340576
Symmetric Quadratic,1,456,2250,3.5953216552734375
Symmetric Quadratic,1,456,2275,3.5907254219055176
Symmetric Quadratic,1,456,2300,3.581139087677002
Symmetric Quadratic,1,456,2325,3.5773744583129883
Symmetric Quadratic,1,456,2350,3.6013400554656982
Symmetric Quadratic,1,456,2375,3.593520164489746
Symmetric Quadratic,1,456,2400,3.576536178588867
Symmetric Quadratic,1,456,2425,3.588438034057617
Symmetric Quadratic,1,456,2450,3.557185173034668
Symmetric Quadratic,1,456,2475,3.597160816192627
Symmetric Quadratic,1,456,2500,3.5736093521118164
Symmetric Quadratic,1,456,2525,3.563601016998291
Symmetric Quadratic,1,456,2550,3.5780515670776367
Symmetric Quadratic,1,456,2575,3.5803799629211426
Symmetric Quadratic,1,456,2600,3.589289903640747
Symmetric Quadratic,1,456,2625,3.5907654762268066
Symmetric Quadratic,1,456,2650,3.576409339904785
Symmetric Quadratic,1,456,2675,3.580538272857666
Symmetric Quadratic,1,456,2700,3.6113874912261963
Symmetric Quadratic,1,456,2725,3.602847099304199
Symmetric Quadratic,1,456,2750,3.5721664428710938
Symmetric Quadratic,1,456,2775,3.573915958404541
Symmetric Quadratic,1,456,2800,3.592895030975342
Symmetric Quadratic,1,456,2825,3.5867505073547363
Symmetric Quadratic,1,456,2850,3.560983419418335
Symmetric Quadratic,1,456,2875,3.56375789642334
Symmetric Quadratic,1,456,2900,3.5685935020446777
Symmetric Quadratic,1,456,2925,3.598604679107666
Symmetric Quadratic,1,456,2950,3.583775281906128
Symmetric Quadratic,1,456,2975,3.585515260696411
Symmetric Quadratic,1,456,3000,3.568502902984619
Symmetric Quadratic,1,456,3025,3.554215908050537
Symmetric Quadratic,1,456,3050,3.5843214988708496
Symmetric Quadratic,1,456,3075,3.5457634925842285
Symmetric Quadratic,1,456,3100,3.554715633392334
Symmetric Quadratic,1,456,3125,3.584308385848999
Symmetric Quadratic,1,456,3150,3.56563138961792
Symmetric Quadratic,1,456,3175,3.5927584171295166
Symmetric Quadratic,1,456,3200,3.595348358154297
Symmetric Quadratic,1,456,3225,3.5658464431762695
Symmetric Quadratic,1,456,3250,3.5740575790405273
Symmetric Quadratic,1,456,3275,3.5572500228881836
Symmetric Quadratic,1,456,3300,3.558847665786743
Symmetric Quadratic,1,456,3325,3.550776720046997
Symmetric Quadratic,1,456,3350,3.5649757385253906
Symmetric Quadratic,1,456,3375,3.5844650268554688
Symmetric Quadratic,1,456,3400,3.5782859325408936
Symmetric Quadratic,1,456,3425,3.5742340087890625
Symmetric Quadratic,1,456,3450,3.640141248703003
Symmetric Quadratic,1,456,3475,3.572876214981079
Symmetric Quadratic,1,456,3500,3.5435760021209717
Symmetric Quadratic,1,456,3525,3.5583503246307373
Symmetric Quadratic,1,456,3550,3.556212902069092
Symmetric Quadratic,1,456,3575,3.55761456489563
Symmetric Quadratic,1,456,3600,3.574575424194336
Symmetric Quadratic,1,456,3625,3.602126359939575
Symmetric Quadratic,1,456,3650,3.5677709579467773
Symmetric Quadratic,1,456,3675,3.5693159103393555
Symmetric Quadratic,1,456,3700,3.5728912353515625
Symmetric Quadratic,1,456,3725,3.572606086730957
Symmetric Quadratic,1,456,3750,3.5601983070373535
Symmetric Quadratic,1,456,3775,3.5556223392486572
Symmetric Quadratic,1,456,3800,3.5784807205200195
Symmetric Quadratic,1,456,3825,3.579265594482422
Symmetric Quadratic,1,456,3850,3.644622564315796
Symmetric Quadratic,1,456,3875,3.566272020339966
Symmetric Quadratic,1,456,3900,3.5590014457702637
Symmetric Quadratic,1,456,3925,3.5585203170776367
Symmetric Quadratic,1,456,3950,3.5342774391174316
Symmetric Quadratic,1,456,3975,3.5318222045898438
Symmetric Quadratic,1,456,4000,3.5240604877471924
Symmetric Quadratic,1,456,4025,3.5385406017303467
Symmetric Quadratic,1,456,4050,3.5414793491363525
Symmetric Quadratic,1,456,4075,3.543271541595459
Symmetric Quadratic,1,456,4100,3.545421838760376
Symmetric Quadratic,1,456,4125,3.5477521419525146
Symmetric Quadratic,1,456,4150,3.542518377304077
Symmetric Quadratic,1,456,4175,3.5426864624023438
Symmetric Quadratic,1,456,4200,3.5566418170928955
Symmetric Quadratic,1,456,4225,3.5417234897613525
Symmetric Quadratic,1,456,4250,3.5232107639312744
Symmetric Quadratic,1,456,4275,3.5571329593658447
Symmetric Quadratic,1,456,4300,3.5640716552734375
Symmetric Quadratic,1,456,4325,3.546550989151001
Symmetric Quadratic,1,456,4350,3.5468955039978027
Symmetric Quadratic,1,456,4375,3.554210662841797
Symmetric Quadratic,1,456,4400,3.5293285846710205
Symmetric Quadratic,1,456,4425,3.5333847999572754
Symmetric Quadratic,1,456,4450,3.566594123840332
Symmetric Quadratic,1,456,4475,3.579834461212158
Symmetric Quadratic,1,456,4500,3.5645592212677
Symmetric Quadratic,1,456,4525,3.5549111366271973
Symmetric Quadratic,1,456,4550,3.5568532943725586
Symmetric Quadratic,1,456,4575,3.5533885955810547
Symmetric Quadratic,1,456,4600,3.535614013671875
Symmetric Quadratic,1,456,4625,3.511841058731079
Symmetric Quadratic,1,456,4650,3.5545029640197754
Symmetric Quadratic,1,456,4675,3.5027785301208496
Symmetric Quadratic,1,456,4700,3.527588367462158
Symmetric Quadratic,1,456,4725,3.5350279808044434
Symmetric Quadratic,1,456,4750,3.5343422889709473
Symmetric Quadratic,1,456,4775,3.5335001945495605
Symmetric Quadratic,1,456,4800,3.5046098232269287
Symmetric Quadratic,1,456,4825,3.539565086364746
Symmetric Quadratic,1,456,4850,3.529387950897217
Symmetric Quadratic,1,456,4875,3.545722723007202
Symmetric Quadratic,1,456,4900,3.5233891010284424
Symmetric Quadratic,1,456,4925,3.5463826656341553
Symmetric Quadratic,1,456,4950,3.5253310203552246
Symmetric Quadratic,1,456,4975,3.510326623916626
Symmetric Quadratic,1,456,5000,3.536771297454834
Symmetric Quadratic,8,456,1,3.8290610313415527
Symmetric Quadratic,8,456,25,3.8239030838012695
Symmetric Quadratic,8,456,50,3.784571647644043
Symmetric Quadratic,8,456,75,3.7100014686584473
Symmetric Quadratic,8,456,100,3.6422953605651855
Symmetric Quadratic,8,456,125,3.6207141876220703
Symmetric Quadratic,8,456,150,3.596670150756836
Symmetric Quadratic,8,456,175,3.614189624786377
Symmetric Quadratic,8,456,200,3.602684497833252
Symmetric Quadratic,8,456,225,3.58786678314209
Symmetric Quadratic,8,456,250,3.5898354053497314
Symmetric Quadratic,8,456,275,3.604794502258301
Symmetric Quadratic,8,456,300,3.556147336959839
Symmetric Quadratic,8,456,325,3.5686166286468506
Symmetric Quadratic,8,456,350,3.562883138656616
Symmetric Quadratic,8,456,375,3.5623178482055664
Symmetric Quadratic,8,456,400,3.5290632247924805
Symmetric Quadratic,8,456,425,3.553853988647461
Symmetric Quadratic,8,456,450,3.4818851947784424
Symmetric Quadratic,8,456,475,3.485281467437744
Symmetric Quadratic,8,456,500,3.4874353408813477
Symmetric Quadratic,8,456,525,3.4439163208007812
Symmetric Quadratic,8,456,550,3.448694944381714
Symmetric Quadratic,8,456,575,3.453626871109009
Symmetric Quadratic,8,456,600,3.4543347358703613
Symmetric Quadratic,8,456,625,3.4512250423431396
Symmetric Quadratic,8,456,650,3.4489266872406006
Symmetric Quadratic,8,456,675,3.4596166610717773
Symmetric Quadratic,8,456,700,3.4550578594207764
Symmetric Quadratic,8,456,725,3.44265079498291
Symmetric Quadratic,8,456,750,3.446136474609375
Symmetric Quadratic,8,456,775,3.44535493850708
Symmetric Quadratic,8,456,800,3.454195976257324
Symmetric Quadratic,8,456,825,3.443805694580078
Symmetric Quadratic,8,456,850,3.447554111480713
Symmetric Quadratic,8,456,875,3.4279415607452393
Symmetric Quadratic,8,456,900,3.437505006790161
Symmetric Quadratic,8,456,925,3.4228363037109375
Symmetric Quadratic,8,456,950,3.390961170196533
Symmetric Quadratic,8,456,975,3.41042160987854
Symmetric Quadratic,8,456,1000,3.4110312461853027
Symmetric Quadratic,8,456,1025,3.409128427505493
Symmetric Quadratic,8,456,1050,3.38991379737854
Symmetric Quadratic,8,456,1075,3.411494255065918
Symmetric Quadratic,8,456,1100,3.411151885986328
Symmetric Quadratic,8,456,1125,3.3943710327148438
Symmetric Quadratic,8,456,1150,3.3729379177093506
Symmetric Quadratic,8,456,1175,3.374802589416504
Symmetric Quadratic,8,456,1200,3.3786637783050537
Symmetric Quadratic,8,456,1225,3.3466854095458984
Symmetric Quadratic,8,456,1250,3.329875946044922
Symmetric Quadratic,8,456,1275,3.341236114501953
Symmetric Quadratic,8,456,1300,3.332611560821533
Symmetric Quadratic,8,456,1325,3.3527255058288574
Symmetric Quadratic,8,456,1350,3.3854613304138184
Symmetric Quadratic,8,456,1375,3.362780809402466
Symmetric Quadratic,8,456,1400,3.3502249717712402
Symmetric Quadratic,8,456,1425,3.353722095489502
Symmetric Quadratic,8,456,1450,3.3173089027404785
Symmetric Quadratic,8,456,1475,3.3023524284362793
Symmetric Quadratic,8,456,1500,3.306110382080078
Symmetric Quadratic,8,456,1525,3.2941203117370605
Symmetric Quadratic,8,456,1550,3.3535609245300293
Symmetric Quadratic,8,456,1575,3.297229290008545
Symmetric Quadratic,8,456,1600,3.3155159950256348
Symmetric Quadratic,8,456,1625,3.327634572982788
Symmetric Quadratic,8,456,1650,3.303349494934082
Symmetric Quadratic,8,456,1675,3.308119773864746
Symmetric Quadratic,8,456,1700,3.318662405014038
Symmetric Quadratic,8,456,1725,3.308596611022949
Symmetric Quadratic,8,456,1750,3.3164732456207275
Symmetric Quadratic,8,456,1775,3.312692642211914
Symmetric Quadratic,8,456,1800,3.3041634559631348
Symmetric Quadratic,8,456,1825,3.331293821334839
Symmetric Quadratic,8,456,1850,3.3464255332946777
Symmetric Quadratic,8,456,1875,3.307894229888916
Symmetric Quadratic,8,456,1900,3.294991970062256
Symmetric Quadratic,8,456,1925,3.3150994777679443
Symmetric Quadratic,8,456,1950,3.320568561553955
Symmetric Quadratic,8,456,1975,3.312594413757324
Symmetric Quadratic,8,456,2000,3.320199489593506
Symmetric Quadratic,8,456,2025,3.350356101989746
Symmetric Quadratic,8,456,2050,3.333926200866699
Symmetric Quadratic,8,456,2075,3.326040267944336
Symmetric Quadratic,8,456,2100,3.310850143432617
Symmetric Quadratic,8,456,2125,3.3178822994232178
Symmetric Quadratic,8,456,2150,3.3217434883117676
Symmetric Quadratic,8,456,2175,3.323716402053833
Symmetric Quadratic,8,456,2200,3.3025617599487305
Symmetric Quadratic,8,456,2225,3.2737457752227783
Symmetric Quadratic,8,456,2250,3.292372226715088
Symmetric Quadratic,8,456,2275,3.276583671569824
Symmetric Quadratic,8,456,2300,3.2983908653259277
Symmetric Quadratic,8,456,2325,3.304187774658203
Symmetric Quadratic,8,456,2350,3.301928997039795
Symmetric Quadratic,8,456,2375,3.292375087738037
Symmetric Quadratic,8,456,2400,3.291494846343994
Symmetric Quadratic,8,456,2425,3.2776641845703125
Symmetric Quadratic,8,456,2450,3.2737722396850586
Symmetric Quadratic,8,456,2475,3.3168015480041504
Symmetric Quadratic,8,456,2500,3.3128323554992676
Symmetric Quadratic,8,456,2525,3.2831411361694336
Symmetric Quadratic,8,456,2550,3.2814860343933105
Symmetric Quadratic,8,456,2575,3.30094051361084
Symmetric Quadratic,8,456,2600,3.3227524757385254
Symmetric Quadratic,8,456,2625,3.31858491897583
Symmetric Quadratic,8,456,2650,3.3239917755126953
Symmetric Quadratic,8,456,2675,3.3062286376953125
Symmetric Quadratic,8,456,2700,3.343743324279785
Symmetric Quadratic,8,456,2725,3.3202288150787354
Symmetric Quadratic,8,456,2750,3.28720760345459
Symmetric Quadratic,8,456,2775,3.274876594543457
Symmetric Quadratic,8,456,2800,3.2888474464416504
Symmetric Quadratic,8,456,2825,3.27353835105896
Symmetric Quadratic,8,456,2850,3.2460899353027344
Symmetric Quadratic,8,456,2875,3.243929624557495
Symmetric Quadratic,8,456,2900,3.2693777084350586
Symmetric Quadratic,8,456,2925,3.28694224357605
Symmetric Quadratic,8,456,2950,3.2855119705200195
Symmetric Quadratic,8,456,2975,3.2827625274658203
Symmetric Quadratic,8,456,3000,3.2670812606811523
Symmetric Quadratic,8,456,3025,3.2684273719787598
Symmetric Quadratic,8,456,3050,3.2774736881256104
Symmetric Quadratic,8,456,3075,3.2671213150024414
Symmetric Quadratic,8,456,3100,3.277312994003296
Symmetric Quadratic,8,456,3125,3.284557819366455
Symmetric Quadratic,8,456,3150,3.2733373641967773
Symmetric Quadratic,8,456,3175,3.2762649059295654
Symmetric Quadratic,8,456,3200,3.283557176589966
Symmetric Quadratic,8,456,3225,3.2590088844299316
Symmetric Quadratic,8,456,3250,3.2565994262695312
Symmetric Quadratic,8,456,3275,3.262244462966919
Symmetric Quadratic,8,456,3300,3.2647833824157715
Symmetric Quadratic,8,456,3325,3.2628636360168457
Symmetric Quadratic,8,456,3350,3.2494261264801025
Symmetric Quadratic,8,456,3375,3.265873908996582
Symmetric Quadratic,8,456,3400,3.2805368900299072
Symmetric Quadratic,8,456,3425,3.26351261138916
Symmetric Quadratic,8,456,3450,3.26162052154541
Symmetric Quadratic,8,456,3475,3.284691572189331
Symmetric Quadratic,8,456,3500,3.2506203651428223
Symmetric Quadratic,8,456,3525,3.2393603324890137
Symmetric Quadratic,8,456,3550,3.255600690841675
Symmetric Quadratic,8,456,3575,3.2708919048309326
Symmetric Quadratic,8,456,3600,3.2874231338500977
Symmetric Quadratic,8,456,3625,3.3114893436431885
Symmetric Quadratic,8,456,3650,3.2911136150360107
Symmetric Quadratic,8,456,3675,3.274430751800537
Symmetric Quadratic,8,456,3700,3.2818551063537598
Symmetric Quadratic,8,456,3725,3.275451898574829
Symmetric Quadratic,8,456,3750,3.253405809402466
Symmetric Quadratic,8,456,3775,3.2308712005615234
Symmetric Quadratic,8,456,3800,3.260690212249756
Symmetric Quadratic,8,456,3825,3.2506563663482666
Symmetric Quadratic,8,456,3850,3.237544536590576
Symmetric Quadratic,8,456,3875,3.2776269912719727
Symmetric Quadratic,8,456,3900,3.2712435722351074
Symmetric Quadratic,8,456,3925,3.2517058849334717
Symmetric Quadratic,8,456,3950,3.210346221923828
Symmetric Quadratic,8,456,3975,3.2151715755462646
Symmetric Quadratic,8,456,4000,3.223313331604004
Symmetric Quadratic,8,456,4025,3.2301595211029053
Symmetric Quadratic,8,456,4050,3.232868194580078
Symmetric Quadratic,8,456,4075,3.244656562805176
Symmetric Quadratic,8,456,4100,3.2546777725219727
Symmetric Quadratic,8,456,4125,3.2451579570770264
Symmetric Quadratic,8,456,4150,3.2304558753967285
Symmetric Quadratic,8,456,4175,3.209506034851074
Symmetric Quadratic,8,456,4200,3.2349801063537598
Symmetric Quadratic,8,456,4225,3.2513198852539062
Symmetric Quadratic,8,456,4250,3.2328720092773438
Symmetric Quadratic,8,456,4275,3.25837779045105
Symmetric Quadratic,8,456,4300,3.2666304111480713
Symmetric Quadratic,8,456,4325,3.2485556602478027
Symmetric Quadratic,8,456,4350,3.2483654022216797
Symmetric Quadratic,8,456,4375,3.2703280448913574
Symmetric Quadratic,8,456,4400,3.2360587120056152
Symmetric Quadratic,8,456,4425,3.230379343032837
Symmetric Quadratic,8,456,4450,3.2657599449157715
Symmetric Quadratic,8,456,4475,3.28184175491333
Symmetric Quadratic,8,456,4500,3.265230178833008
Symmetric Quadratic,8,456,4525,3.2683777809143066
Symmetric Quadratic,8,456,4550,3.265289783477783
Symmetric Quadratic,8,456,4575,3.269925594329834
Symmetric Quadratic,8,456,4600,3.2402782440185547
Symmetric Quadratic,8,456,4625,3.22078537940979
Symmetric Quadratic,8,456,4650,3.2228121757507324
Symmetric Quadratic,8,456,4675,3.2017059326171875
Symmetric Quadratic,8,456,4700,3.22141432762146
Symmetric Quadratic,8,456,4725,3.2213916778564453
Symmetric Quadratic,8,456,4750,3.2235450744628906
Symmetric Quadratic,8,456,4775,3.2237765789031982
Symmetric Quadratic,8,456,4800,3.2206945419311523
Symmetric Quadratic,8,456,4825,3.228041648864746
Symmetric Quadratic,8,456,4850,3.2399539947509766
Symmetric Quadratic,8,456,4875,3.2298030853271484
Symmetric Quadratic,8,456,4900,3.233402729034424
Symmetric Quadratic,8,456,4925,3.2541568279266357
Symmetric Quadratic,8,456,4950,3.2438626289367676
Symmetric Quadratic,8,456,4975,3.221104621887207
Symmetric Quadratic,8,456,5000,3.2528891563415527
Symmetric Quadratic,2,456,1,3.8297500610351562
Symmetric Quadratic,2,456,25,3.83354115486145
Symmetric Quadratic,2,456,50,3.801525354385376
Symmetric Quadratic,2,456,75,3.7730860710144043
Symmetric Quadratic,2,456,100,3.768634557723999
Symmetric Quadratic,2,456,125,3.7378787994384766
Symmetric Quadratic,2,456,150,3.7293033599853516
Symmetric Quadratic,2,456,175,3.735271453857422
Symmetric Quadratic,2,456,200,3.7209744453430176
Symmetric Quadratic,2,456,225,3.6996359825134277
Symmetric Quadratic,2,456,250,3.7042322158813477
Symmetric Quadratic,2,456,275,3.6979212760925293
Symmetric Quadratic,2,456,300,3.661095142364502
Symmetric Quadratic,2,456,325,3.6779770851135254
Symmetric Quadratic,2,456,350,3.670145034790039
Symmetric Quadratic,2,456,375,3.667853355407715
Symmetric Quadratic,2,456,400,3.638240098953247
Symmetric Quadratic,2,456,425,3.652059316635132
Symmetric Quadratic,2,456,450,3.6180152893066406
Symmetric Quadratic,2,456,475,3.6313509941101074
Symmetric Quadratic,2,456,500,3.631612777709961
Symmetric Quadratic,2,456,525,3.5890207290649414
Symmetric Quadratic,2,456,550,3.6011929512023926
Symmetric Quadratic,2,456,575,3.599140167236328
Symmetric Quadratic,2,456,600,3.602449655532837
Symmetric Quadratic,2,456,625,3.6054348945617676
Symmetric Quadratic,2,456,650,3.583735942840576
Symmetric Quadratic,2,456,675,3.6077589988708496
Symmetric Quadratic,2,456,700,3.5912513732910156
Symmetric Quadratic,2,456,725,3.5973010063171387
Symmetric Quadratic,2,456,750,3.5829129219055176
Symmetric Quadratic,2,456,775,3.5944864749908447
Symmetric Quadratic,2,456,800,3.591172695159912
Symmetric Quadratic,2,456,825,3.5773160457611084
Symmetric Quadratic,2,456,850,3.59175968170166
Symmetric Quadratic,2,456,875,3.574509382247925
Symmetric Quadratic,2,456,900,3.5894079208374023
Symmetric Quadratic,2,456,925,3.5628857612609863
Symmetric Quadratic,2,456,950,3.5397322177886963
Symmetric Quadratic,2,456,975,3.568657875061035
Symmetric Quadratic,2,456,1000,3.5652732849121094
Symmetric Quadratic,2,456,1025,3.5642106533050537
Symmetric Quadratic,2,456,1050,3.5489115715026855
Symmetric Quadratic,2,456,1075,3.5640077590942383
Symmetric Quadratic,2,456,1100,3.5589542388916016
Symmetric Quadratic,2,456,1125,3.534623146057129
Symmetric Quadratic,2,456,1150,3.5352659225463867
Symmetric Quadratic,2,456,1175,3.5405473709106445
Symmetric Quadratic,2,456,1200,3.545912981033325
Symmetric Quadratic,2,456,1225,3.5310535430908203
Symmetric Quadratic,2,456,1250,3.518087387084961
Symmetric Quadratic,2,456,1275,3.5058913230895996
Symmetric Quadratic,2,456,1300,3.506460666656494
Symmetric Quadratic,2,456,1325,3.5107967853546143
Symmetric Quadratic,2,456,1350,3.520033359527588
Symmetric Quadratic,2,456,1375,3.508303165435791
Symmetric Quadratic,2,456,1400,3.508986473083496
Symmetric Quadratic,2,456,1425,3.515160083770752
Symmetric Quadratic,2,456,1450,3.4879226684570312
Symmetric Quadratic,2,456,1475,3.4837417602539062
Symmetric Quadratic,2,456,1500,3.4938502311706543
Symmetric Quadratic,2,456,1525,3.4875128269195557
Symmetric Quadratic,2,456,1550,3.5109128952026367
Symmetric Quadratic,2,456,1575,3.4860739707946777
Symmetric Quadratic,2,456,1600,3.5019912719726562
Symmetric Quadratic,2,456,1625,3.4916462898254395
Symmetric Quadratic,2,456,1650,3.4866445064544678
Symmetric Quadratic,2,456,1675,3.486738681793213
Symmetric Quadratic,2,456,1700,3.487945079803467
Symmetric Quadratic,2,456,1725,3.4810731410980225
Symmetric Quadratic,2,456,1750,3.494030475616455
Symmetric Quadratic,2,456,1775,3.515775680541992
Symmetric Quadratic,2,456,1800,3.4883875846862793
Symmetric Quadratic,2,456,1825,3.5015950202941895
Symmetric Quadratic,2,456,1850,3.5141079425811768
Symmetric Quadratic,2,456,1875,3.4993627071380615
Symmetric Quadratic,2,456,1900,3.4813506603240967
Symmetric Quadratic,2,456,1925,3.487546443939209
Symmetric Quadratic,2,456,1950,3.504669666290283
Symmetric Quadratic,2,456,1975,3.486921548843384
Symmetric Quadratic,2,456,2000,3.492325782775879
Symmetric Quadratic,2,456,2025,3.5151009559631348
Symmetric Quadratic,2,456,2050,3.502948760986328
Symmetric Quadratic,2,456,2075,3.503087282180786
Symmetric Quadratic,2,456,2100,3.4834303855895996
Symmetric Quadratic,2,456,2125,3.4936511516571045
Symmetric Quadratic,2,456,2150,3.505765914916992
Symmetric Quadratic,2,456,2175,3.5024242401123047
Symmetric Quadratic,2,456,2200,3.478302001953125
Symmetric Quadratic,2,456,2225,3.470396041870117
Symmetric Quadratic,2,456,2250,3.4925029277801514
Symmetric Quadratic,2,456,2275,3.457265853881836
Symmetric Quadratic,2,456,2300,3.4694056510925293
Symmetric Quadratic,2,456,2325,3.4729156494140625
Symmetric Quadratic,2,456,2350,3.4833903312683105
Symmetric Quadratic,2,456,2375,3.4807872772216797
Symmetric Quadratic,2,456,2400,3.487767219543457
Symmetric Quadratic,2,456,2425,3.482229471206665
Symmetric Quadratic,2,456,2450,3.467522621154785
Symmetric Quadratic,2,456,2475,3.4933435916900635
Symmetric Quadratic,2,456,2500,3.48882794380188
Symmetric Quadratic,2,456,2525,3.4724950790405273
Symmetric Quadratic,2,456,2550,3.483577013015747
Symmetric Quadratic,2,456,2575,3.481234073638916
Symmetric Quadratic,2,456,2600,3.4904751777648926
Symmetric Quadratic,2,456,2625,3.480642795562744
Symmetric Quadratic,2,456,2650,3.49111270904541
Symmetric Quadratic,2,456,2675,3.489072322845459
Symmetric Quadratic,2,456,2700,3.5075783729553223
Symmetric Quadratic,2,456,2725,3.4966959953308105
Symmetric Quadratic,2,456,2750,3.4738144874572754
Symmetric Quadratic,2,456,2775,3.464691162109375
Symmetric Quadratic,2,456,2800,3.4868836402893066
Symmetric Quadratic,2,456,2825,3.482370376586914
Symmetric Quadratic,2,456,2850,3.4525907039642334
Symmetric Quadratic,2,456,2875,3.458400249481201
Symmetric Quadratic,2,456,2900,3.468033790588379
Symmetric Quadratic,2,456,2925,3.466761827468872
Symmetric Quadratic,2,456,2950,3.469633102416992
Symmetric Quadratic,2,456,2975,3.4724512100219727
Symmetric Quadratic,2,456,3000,3.46467924118042
Symmetric Quadratic,2,456,3025,3.4677047729492188
Symmetric Quadratic,2,456,3050,3.466777801513672
Symmetric Quadratic,2,456,3075,3.455423593521118
Symmetric Quadratic,2,456,3100,3.473651885986328
Symmetric Quadratic,2,456,3125,3.4743404388427734
Symmetric Quadratic,2,456,3150,3.468843936920166
Symmetric Quadratic,2,456,3175,3.4737420082092285
Symmetric Quadratic,2,456,3200,3.479036331176758
Symmetric Quadratic,2,456,3225,3.4575281143188477
Symmetric Quadratic,2,456,3250,3.454730987548828
Symmetric Quadratic,2,456,3275,3.4597103595733643
Symmetric Quadratic,2,456,3300,3.457216501235962
Symmetric Quadratic,2,456,3325,3.4725356101989746
Symmetric Quadratic,2,456,3350,3.4555282592773438
Symmetric Quadratic,2,456,3375,3.469547986984253
Symmetric Quadratic,2,456,3400,3.470886707305908
Symmetric Quadratic,2,456,3425,3.4602913856506348
Symmetric Quadratic,2,456,3450,3.462998390197754
Symmetric Quadratic,2,456,3475,3.471324920654297
Symmetric Quadratic,2,456,3500,3.4393038749694824
Symmetric Quadratic,2,456,3525,3.4365949630737305
Symmetric Quadratic,2,456,3550,3.4521825313568115
Symmetric Quadratic,2,456,3575,3.447782278060913
Symmetric Quadratic,2,456,3600,3.468200445175171
Symmetric Quadratic,2,456,3625,3.47868013381958
Symmetric Quadratic,2,456,3650,3.470412254333496
Symmetric Quadratic,2,456,3675,3.460308790206909
Symmetric Quadratic,2,456,3700,3.465827703475952
Symmetric Quadratic,2,456,3725,3.4631667137145996
Symmetric Quadratic,2,456,3750,3.45516300201416
Symmetric Quadratic,2,456,3775,3.4548206329345703
Symmetric Quadratic,2,456,3800,3.475930690765381
Symmetric Quadratic,2,456,3825,3.4596619606018066
Symmetric Quadratic,2,456,3850,3.469647169113159
Symmetric Quadratic,2,456,3875,3.487355947494507
Symmetric Quadratic,2,456,3900,3.460987091064453
Symmetric Quadratic,2,456,3925,3.4598803520202637
Symmetric Quadratic,2,456,3950,3.427356719970703
Symmetric Quadratic,2,456,3975,3.4237101078033447
Symmetric Quadratic,2,456,4000,3.4394524097442627
Symmetric Quadratic,2,456,4025,3.4382429122924805
Symmetric Quadratic,2,456,4050,3.4409868717193604
Symmetric Quadratic,2,456,4075,3.4493000507354736
Symmetric Quadratic,2,456,4100,3.453996419906616
Symmetric Quadratic,2,456,4125,3.4627461433410645
Symmetric Quadratic,2,456,4150,3.436086893081665
Symmetric Quadratic,2,456,4175,3.433208703994751
Symmetric Quadratic,2,456,4200,3.4384572505950928
Symmetric Quadratic,2,456,4225,3.450540065765381
Symmetric Quadratic,2,456,4250,3.4338059425354004
Symmetric Quadratic,2,456,4275,3.460132122039795
Symmetric Quadratic,2,456,4300,3.4617955684661865
Symmetric Quadratic,2,456,4325,3.4540390968322754
Symmetric Quadratic,2,456,4350,3.455930233001709
Symmetric Quadratic,2,456,4375,3.462535858154297
Symmetric Quadratic,2,456,4400,3.440688133239746
Symmetric Quadratic,2,456,4425,3.426625967025757
Symmetric Quadratic,2,456,4450,3.4574947357177734
Symmetric Quadratic,2,456,4475,3.469071626663208
Symmetric Quadratic,2,456,4500,3.4599881172180176
Symmetric Quadratic,2,456,4525,3.464265823364258
Symmetric Quadratic,2,456,4550,3.4581494331359863
Symmetric Quadratic,2,456,4575,3.466153621673584
Symmetric Quadratic,2,456,4600,3.440854072570801
Symmetric Quadratic,2,456,4625,3.4332425594329834
Symmetric Quadratic,2,456,4650,3.44075345993042
Symmetric Quadratic,2,456,4675,3.419879913330078
Symmetric Quadratic,2,456,4700,3.438814401626587
Symmetric Quadratic,2,456,4725,3.4441590309143066
Symmetric Quadratic,2,456,4750,3.439452648162842
Symmetric Quadratic,2,456,4775,3.4423093795776367
Symmetric Quadratic,2,456,4800,3.4356648921966553
Symmetric Quadratic,2,456,4825,3.447845458984375
Symmetric Quadratic,2,456,4850,3.4393744468688965
Symmetric Quadratic,2,456,4875,3.443892002105713
Symmetric Quadratic,2,456,4900,3.447503089904785
Symmetric Quadratic,2,456,4925,3.4551644325256348
Symmetric Quadratic,2,456,4950,3.4473319053649902
Symmetric Quadratic,2,456,4975,3.424816131591797
Symmetric Quadratic,2,456,5000,3.4360523223876953
LoRA,1,123,1,3.8278231620788574
LoRA,1,123,25,3.82918119430542
LoRA,1,123,50,3.8242549896240234
LoRA,1,123,75,3.820841073989868
LoRA,1,123,100,3.8130578994750977
LoRA,1,123,125,3.8001534938812256
LoRA,1,123,150,3.78757905960083
LoRA,1,123,175,3.7849884033203125
LoRA,1,123,200,3.7719719409942627
LoRA,1,123,225,3.77070689201355
LoRA,1,123,250,3.7683961391448975
LoRA,1,123,275,3.7651000022888184
LoRA,1,123,300,3.734498977661133
LoRA,1,123,325,3.7436866760253906
LoRA,1,123,350,3.738729953765869
LoRA,1,123,375,3.732227325439453
LoRA,1,123,400,3.711400032043457
LoRA,1,123,425,3.7169125080108643
LoRA,1,123,450,3.6897144317626953
LoRA,1,123,475,3.699604034423828
LoRA,1,123,500,3.704610824584961
LoRA,1,123,525,3.680145740509033
LoRA,1,123,550,3.6894712448120117
LoRA,1,123,575,3.6874501705169678
LoRA,1,123,600,3.6818158626556396
LoRA,1,123,625,3.6752066612243652
LoRA,1,123,650,3.6768250465393066
LoRA,1,123,675,3.681386709213257
LoRA,1,123,700,3.6813533306121826
LoRA,1,123,725,3.676985263824463
LoRA,1,123,750,3.681824207305908
LoRA,1,123,775,3.676190137863159
LoRA,1,123,800,3.680147647857666
LoRA,1,123,825,3.6851537227630615
LoRA,1,123,850,3.6717212200164795
LoRA,1,123,875,3.648670196533203
LoRA,1,123,900,3.648200511932373
LoRA,1,123,925,3.6368885040283203
LoRA,1,123,950,3.614304780960083
LoRA,1,123,975,3.637667179107666
LoRA,1,123,1000,3.638070583343506
LoRA,1,123,1025,3.6402578353881836
LoRA,1,123,1050,3.6278369426727295
LoRA,1,123,1075,3.64401912689209
LoRA,1,123,1100,3.649958372116089
LoRA,1,123,1125,3.625851631164551
LoRA,1,123,1150,3.6297435760498047
LoRA,1,123,1175,3.6307623386383057
LoRA,1,123,1200,3.638496160507202
LoRA,1,123,1225,3.609701156616211
LoRA,1,123,1250,3.5887532234191895
LoRA,1,123,1275,3.6053171157836914
LoRA,1,123,1300,3.6170527935028076
LoRA,1,123,1325,3.6297988891601562
LoRA,1,123,1350,3.624520778656006
LoRA,1,123,1375,3.6260671615600586
LoRA,1,123,1400,3.6096391677856445
LoRA,1,123,1425,3.625676393508911
LoRA,1,123,1450,3.5835890769958496
LoRA,1,123,1475,3.588070869445801
LoRA,1,123,1500,3.59371018409729
LoRA,1,123,1525,3.5861237049102783
LoRA,1,123,1550,3.611668109893799
LoRA,1,123,1575,3.5843162536621094
LoRA,1,123,1600,3.6001415252685547
LoRA,1,123,1625,3.6079719066619873
LoRA,1,123,1650,3.584404468536377
LoRA,1,123,1675,3.5883772373199463
LoRA,1,123,1700,3.5999629497528076
LoRA,1,123,1725,3.5978035926818848
LoRA,1,123,1750,3.6036264896392822
LoRA,1,123,1775,3.624574661254883
LoRA,1,123,1800,3.6060984134674072
LoRA,1,123,1825,3.627702236175537
LoRA,1,123,1850,3.632873058319092
LoRA,1,123,1875,3.6057286262512207
LoRA,1,123,1900,3.5974769592285156
LoRA,1,123,1925,3.6040821075439453
LoRA,1,123,1950,3.6200742721557617
LoRA,1,123,1975,3.6192240715026855
LoRA,1,123,2000,3.615623950958252
LoRA,1,123,2025,3.630000114440918
LoRA,1,123,2050,3.6156275272369385
LoRA,1,123,2075,3.6209449768066406
LoRA,1,123,2100,3.613602638244629
LoRA,1,123,2125,3.6241848468780518
LoRA,1,123,2150,3.6146371364593506
LoRA,1,123,2175,3.61222767829895
LoRA,1,123,2200,3.6056652069091797
LoRA,1,123,2225,3.599374771118164
LoRA,1,123,2250,3.6139872074127197
LoRA,1,123,2275,3.5841927528381348
LoRA,1,123,2300,3.5976176261901855
LoRA,1,123,2325,3.606048822402954
LoRA,1,123,2350,3.6014833450317383
LoRA,1,123,2375,3.6133131980895996
LoRA,1,123,2400,3.5984582901000977
LoRA,1,123,2425,3.592569351196289
LoRA,1,123,2450,3.576176166534424
LoRA,1,123,2475,3.61417293548584
LoRA,1,123,2500,3.605813503265381
LoRA,1,123,2525,3.596632957458496
LoRA,1,123,2550,3.6060631275177
LoRA,1,123,2575,3.6097664833068848
LoRA,1,123,2600,3.6306514739990234
LoRA,1,123,2625,3.624654531478882
LoRA,1,123,2650,3.6195425987243652
LoRA,1,123,2675,3.620203971862793
LoRA,1,123,2700,3.6320455074310303
LoRA,1,123,2725,3.625422477722168
LoRA,1,123,2750,3.5993287563323975
LoRA,1,123,2775,3.602663040161133
LoRA,1,123,2800,3.6203842163085938
LoRA,1,123,2825,3.6140613555908203
LoRA,1,123,2850,3.567284107208252
LoRA,1,123,2875,3.5987982749938965
LoRA,1,123,2900,3.604116439819336
LoRA,1,123,2925,3.6091160774230957
LoRA,1,123,2950,3.596271514892578
LoRA,1,123,2975,3.6053543090820312
LoRA,1,123,3000,3.5966243743896484
LoRA,1,123,3025,3.583097457885742
LoRA,1,123,3050,3.594017267227173
LoRA,1,123,3075,3.5652074813842773
LoRA,1,123,3100,3.5820441246032715
LoRA,1,123,3125,3.5930628776550293
LoRA,1,123,3150,3.595233917236328
LoRA,1,123,3175,3.6077771186828613
LoRA,1,123,3200,3.6188597679138184
LoRA,1,123,3225,3.584221839904785
LoRA,1,123,3250,3.574862003326416
LoRA,1,123,3275,3.5794379711151123
LoRA,1,123,3300,3.586876392364502
LoRA,1,123,3325,3.570891857147217
LoRA,1,123,3350,3.5828053951263428
LoRA,1,123,3375,3.596799612045288
LoRA,1,123,3400,3.599364757537842
LoRA,1,123,3425,3.589251756668091
LoRA,1,123,3450,3.583988904953003
LoRA,1,123,3475,3.586266279220581
LoRA,1,123,3500,3.5616891384124756
LoRA,1,123,3525,3.5691089630126953
LoRA,1,123,3550,3.5722439289093018
LoRA,1,123,3575,3.5777082443237305
LoRA,1,123,3600,3.589183807373047
LoRA,1,123,3625,3.611384391784668
LoRA,1,123,3650,3.603574752807617
LoRA,1,123,3675,3.5950236320495605
LoRA,1,123,3700,3.5946593284606934
LoRA,1,123,3725,3.587134838104248
LoRA,1,123,3750,3.5770134925842285
LoRA,1,123,3775,3.5653300285339355
LoRA,1,123,3800,3.589076042175293
LoRA,1,123,3825,3.5814883708953857
LoRA,1,123,3850,3.574037551879883
LoRA,1,123,3875,3.5882625579833984
LoRA,1,123,3900,3.591581344604492
LoRA,1,123,3925,3.5741028785705566
LoRA,1,123,3950,3.537229537963867
LoRA,1,123,3975,3.5485594272613525
LoRA,1,123,4000,3.558539867401123
LoRA,1,123,4025,3.5708909034729004
LoRA,1,123,4050,3.5734305381774902
LoRA,1,123,4075,3.5772786140441895
LoRA,1,123,4100,3.5831751823425293
LoRA,1,123,4125,3.576127529144287
LoRA,1,123,4150,3.569918155670166
LoRA,1,123,4175,3.5443954467773438
LoRA,1,123,4200,3.5693726539611816
LoRA,1,123,4225,3.58101224899292
LoRA,1,123,4250,3.550381660461426
LoRA,1,123,4275,3.5806338787078857
LoRA,1,123,4300,3.5770649909973145
LoRA,1,123,4325,3.5716402530670166
LoRA,1,123,4350,3.5657243728637695
LoRA,1,123,4375,3.5801374912261963
LoRA,1,123,4400,3.5659661293029785
LoRA,1,123,4425,3.5587220191955566
LoRA,1,123,4450,3.58614444732666
LoRA,1,123,4475,3.5969290733337402
LoRA,1,123,4500,3.5878701210021973
LoRA,1,123,4525,3.5910964012145996
LoRA,1,123,4550,3.5875186920166016
LoRA,1,123,4575,3.592104911804199
LoRA,1,123,4600,3.555659294128418
LoRA,1,123,4625,3.5459649562835693
LoRA,1,123,4650,3.568296432495117
LoRA,1,123,4675,3.5343313217163086
LoRA,1,123,4700,3.5537898540496826
LoRA,1,123,4725,3.558450698852539
LoRA,1,123,4750,3.562574863433838
LoRA,1,123,4775,3.563645124435425
LoRA,1,123,4800,3.5525941848754883
LoRA,1,123,4825,3.5542101860046387
LoRA,1,123,4850,3.5582664012908936
LoRA,1,123,4875,3.5603652000427246
LoRA,1,123,4900,3.558289051055908
LoRA,1,123,4925,3.5710415840148926
LoRA,1,123,4950,3.582573413848877
LoRA,1,123,4975,3.5521621704101562
LoRA,1,123,5000,3.5769107341766357
Symmetric Quadratic,4,123,1,3.83005428314209
Symmetric Quadratic,4,123,25,3.824674367904663
Symmetric Quadratic,4,123,50,3.775381565093994
Symmetric Quadratic,4,123,75,3.7238807678222656
Symmetric Quadratic,4,123,100,3.6654300689697266
Symmetric Quadratic,4,123,125,3.6539664268493652
Symmetric Quadratic,4,123,150,3.632117748260498
Symmetric Quadratic,4,123,175,3.644186019897461
Symmetric Quadratic,4,123,200,3.6373648643493652
Symmetric Quadratic,4,123,225,3.628046751022339
Symmetric Quadratic,4,123,250,3.632805109024048
Symmetric Quadratic,4,123,275,3.6379201412200928
Symmetric Quadratic,4,123,300,3.604578733444214
Symmetric Quadratic,4,123,325,3.6097333431243896
Symmetric Quadratic,4,123,350,3.608525276184082
Symmetric Quadratic,4,123,375,3.6134681701660156
Symmetric Quadratic,4,123,400,3.58735990524292
Symmetric Quadratic,4,123,425,3.6060996055603027
Symmetric Quadratic,4,123,450,3.561680793762207
Symmetric Quadratic,4,123,475,3.5640146732330322
Symmetric Quadratic,4,123,500,3.5701546669006348
Symmetric Quadratic,4,123,525,3.536928653717041
Symmetric Quadratic,4,123,550,3.5449624061584473
Symmetric Quadratic,4,123,575,3.5403480529785156
Symmetric Quadratic,4,123,600,3.533742904663086
Symmetric Quadratic,4,123,625,3.5275959968566895
Symmetric Quadratic,4,123,650,3.5263164043426514
Symmetric Quadratic,4,123,675,3.5399818420410156
Symmetric Quadratic,4,123,700,3.5309715270996094
Symmetric Quadratic,4,123,725,3.5178122520446777
Symmetric Quadratic,4,123,750,3.5271692276000977
Symmetric Quadratic,4,123,775,3.519442081451416
Symmetric Quadratic,4,123,800,3.524216651916504
Symmetric Quadratic,4,123,825,3.512880802154541
Symmetric Quadratic,4,123,850,3.5101914405822754
Symmetric Quadratic,4,123,875,3.492724657058716
Symmetric Quadratic,4,123,900,3.501892566680908
Symmetric Quadratic,4,123,925,3.4928245544433594
Symmetric Quadratic,4,123,950,3.462110757827759
Symmetric Quadratic,4,123,975,3.472773313522339
Symmetric Quadratic,4,123,1000,3.471616268157959
Symmetric Quadratic,4,123,1025,3.4722180366516113
Symmetric Quadratic,4,123,1050,3.4643476009368896
Symmetric Quadratic,4,123,1075,3.487682342529297
Symmetric Quadratic,4,123,1100,3.4862613677978516
Symmetric Quadratic,4,123,1125,3.459451675415039
Symmetric Quadratic,4,123,1150,3.4422242641448975
Symmetric Quadratic,4,123,1175,3.45949125289917
Symmetric Quadratic,4,123,1200,3.461296558380127
Symmetric Quadratic,4,123,1225,3.4407691955566406
Symmetric Quadratic,4,123,1250,3.4173967838287354
Symmetric Quadratic,4,123,1275,3.439565658569336
Symmetric Quadratic,4,123,1300,3.433152198791504
Symmetric Quadratic,4,123,1325,3.4431471824645996
Symmetric Quadratic,4,123,1350,3.4543497562408447
Symmetric Quadratic,4,123,1375,3.4519033432006836
Symmetric Quadratic,4,123,1400,3.435840606689453
Symmetric Quadratic,4,123,1425,3.4466569423675537
Symmetric Quadratic,4,123,1450,3.4037985801696777
Symmetric Quadratic,4,123,1475,3.409235954284668
Symmetric Quadratic,4,123,1500,3.4123473167419434
Symmetric Quadratic,4,123,1525,3.3955273628234863
Symmetric Quadratic,4,123,1550,3.4320664405822754
Symmetric Quadratic,4,123,1575,3.3898375034332275
Symmetric Quadratic,4,123,1600,3.4140188694000244
Symmetric Quadratic,4,123,1625,3.4165425300598145
Symmetric Quadratic,4,123,1650,3.398026466369629
Symmetric Quadratic,4,123,1675,3.4002938270568848
Symmetric Quadratic,4,123,1700,3.3988037109375
Symmetric Quadratic,4,123,1725,3.3846747875213623
Symmetric Quadratic,4,123,1750,3.4046239852905273
Symmetric Quadratic,4,123,1775,3.400419235229492
Symmetric Quadratic,4,123,1800,3.3863511085510254
Symmetric Quadratic,4,123,1825,3.3998827934265137
Symmetric Quadratic,4,123,1850,3.4170703887939453
Symmetric Quadratic,4,123,1875,3.379039764404297
Symmetric Quadratic,4,123,1900,3.364341974258423
Symmetric Quadratic,4,123,1925,3.3912434577941895
Symmetric Quadratic,4,123,1950,3.3848137855529785
Symmetric Quadratic,4,123,1975,3.3740673065185547
Symmetric Quadratic,4,123,2000,3.3785223960876465
Symmetric Quadratic,4,123,2025,3.4108896255493164
Symmetric Quadratic,4,123,2050,3.3972058296203613
Symmetric Quadratic,4,123,2075,3.389033794403076
Symmetric Quadratic,4,123,2100,3.372192621231079
Symmetric Quadratic,4,123,2125,3.387659788131714
Symmetric Quadratic,4,123,2150,3.392467498779297
Symmetric Quadratic,4,123,2175,3.3881797790527344
Symmetric Quadratic,4,123,2200,3.3720831871032715
Symmetric Quadratic,4,123,2225,3.340374708175659
Symmetric Quadratic,4,123,2250,3.361064910888672
Symmetric Quadratic,4,123,2275,3.347277879714966
Symmetric Quadratic,4,123,2300,3.3623275756835938
Symmetric Quadratic,4,123,2325,3.360991954803467
Symmetric Quadratic,4,123,2350,3.3508872985839844
Symmetric Quadratic,4,123,2375,3.3581385612487793
Symmetric Quadratic,4,123,2400,3.3657827377319336
Symmetric Quadratic,4,123,2425,3.3459272384643555
Symmetric Quadratic,4,123,2450,3.338278293609619
Symmetric Quadratic,4,123,2475,3.3739051818847656
Symmetric Quadratic,4,123,2500,3.364506244659424
Symmetric Quadratic,4,123,2525,3.3401613235473633
Symmetric Quadratic,4,123,2550,3.344914436340332
Symmetric Quadratic,4,123,2575,3.367210626602173
Symmetric Quadratic,4,123,2600,3.3865437507629395
Symmetric Quadratic,4,123,2625,3.3875069618225098
Symmetric Quadratic,4,123,2650,3.372922897338867
Symmetric Quadratic,4,123,2675,3.372143268585205
Symmetric Quadratic,4,123,2700,3.3912713527679443
Symmetric Quadratic,4,123,2725,3.3779077529907227
Symmetric Quadratic,4,123,2750,3.359372854232788
Symmetric Quadratic,4,123,2775,3.3547682762145996
Symmetric Quadratic,4,123,2800,3.355253219604492
Symmetric Quadratic,4,123,2825,3.349346160888672
Symmetric Quadratic,4,123,2850,3.313554525375366
Symmetric Quadratic,4,123,2875,3.314772129058838
Symmetric Quadratic,4,123,2900,3.3431782722473145
Symmetric Quadratic,4,123,2925,3.3523788452148438
Symmetric Quadratic,4,123,2950,3.343435287475586
Symmetric Quadratic,4,123,2975,3.3574180603027344
Symmetric Quadratic,4,123,3000,3.3372654914855957
Symmetric Quadratic,4,123,3025,3.3233795166015625
Symmetric Quadratic,4,123,3050,3.335887908935547
Symmetric Quadratic,4,123,3075,3.3207056522369385
Symmetric Quadratic,4,123,3100,3.338344097137451
Symmetric Quadratic,4,123,3125,3.3367297649383545
Symmetric Quadratic,4,123,3150,3.341693878173828
Symmetric Quadratic,4,123,3175,3.3453989028930664
Symmetric Quadratic,4,123,3200,3.350916624069214
Symmetric Quadratic,4,123,3225,3.3237051963806152
Symmetric Quadratic,4,123,3250,3.320753574371338
Symmetric Quadratic,4,123,3275,3.3170006275177
Symmetric Quadratic,4,123,3300,3.3220713138580322
Symmetric Quadratic,4,123,3325,3.3197951316833496
Symmetric Quadratic,4,123,3350,3.3147575855255127
Symmetric Quadratic,4,123,3375,3.3418211936950684
Symmetric Quadratic,4,123,3400,3.3368101119995117
Symmetric Quadratic,4,123,3425,3.3264365196228027
Symmetric Quadratic,4,123,3450,3.3289239406585693
Symmetric Quadratic,4,123,3475,3.3449347019195557
Symmetric Quadratic,4,123,3500,3.3141274452209473
Symmetric Quadratic,4,123,3525,3.3102807998657227
Symmetric Quadratic,4,123,3550,3.32180118560791
Symmetric Quadratic,4,123,3575,3.333731174468994
Symmetric Quadratic,4,123,3600,3.347433567047119
Symmetric Quadratic,4,123,3625,3.372086524963379
Symmetric Quadratic,4,123,3650,3.352264881134033
Symmetric Quadratic,4,123,3675,3.3308298587799072
Symmetric Quadratic,4,123,3700,3.340701103210449
Symmetric Quadratic,4,123,3725,3.3358230590820312
Symmetric Quadratic,4,123,3750,3.3253040313720703
Symmetric Quadratic,4,123,3775,3.3023107051849365
Symmetric Quadratic,4,123,3800,3.3297460079193115
Symmetric Quadratic,4,123,3825,3.309499740600586
Symmetric Quadratic,4,123,3850,3.3119540214538574
Symmetric Quadratic,4,123,3875,3.327970027923584
Symmetric Quadratic,4,123,3900,3.3218166828155518
Symmetric Quadratic,4,123,3925,3.30574107170105
Symmetric Quadratic,4,123,3950,3.268150568008423
Symmetric Quadratic,4,123,3975,3.2773258686065674
Symmetric Quadratic,4,123,4000,3.2944254875183105
Symmetric Quadratic,4,123,4025,3.2805304527282715
Symmetric Quadratic,4,123,4050,3.292940139770508
Symmetric Quadratic,4,123,4075,3.3109130859375
Symmetric Quadratic,4,123,4100,3.3308863639831543
Symmetric Quadratic,4,123,4125,3.2978713512420654
Symmetric Quadratic,4,123,4150,3.280377149581909
Symmetric Quadratic,4,123,4175,3.2687973976135254
Symmetric Quadratic,4,123,4200,3.2990787029266357
Symmetric Quadratic,4,123,4225,3.3153085708618164
Symmetric Quadratic,4,123,4250,3.281503438949585
Symmetric Quadratic,4,123,4275,3.3033952713012695
Symmetric Quadratic,4,123,4300,3.3119683265686035
Symmetric Quadratic,4,123,4325,3.3001742362976074
Symmetric Quadratic,4,123,4350,3.2991952896118164
Symmetric Quadratic,4,123,4375,3.3109726905822754
Symmetric Quadratic,4,123,4400,3.285548210144043
Symmetric Quadratic,4,123,4425,3.276034355163574
Symmetric Quadratic,4,123,4450,3.3299970626831055
Symmetric Quadratic,4,123,4475,3.3562848567962646
Symmetric Quadratic,4,123,4500,3.3175644874572754
Symmetric Quadratic,4,123,4525,3.317892551422119
Symmetric Quadratic,4,123,4550,3.3224775791168213
Symmetric Quadratic,4,123,4575,3.334779739379883
Symmetric Quadratic,4,123,4600,3.2906758785247803
Symmetric Quadratic,4,123,4625,3.273069381713867
Symmetric Quadratic,4,123,4650,3.2963638305664062
Symmetric Quadratic,4,123,4675,3.258166790008545
Symmetric Quadratic,4,123,4700,3.2799577713012695
Symmetric Quadratic,4,123,4725,3.280977964401245
Symmetric Quadratic,4,123,4750,3.277189254760742
Symmetric Quadratic,4,123,4775,3.289121627807617
Symmetric Quadratic,4,123,4800,3.2787513732910156
Symmetric Quadratic,4,123,4825,3.2861881256103516
Symmetric Quadratic,4,123,4850,3.3071584701538086
Symmetric Quadratic,4,123,4875,3.290036201477051
Symmetric Quadratic,4,123,4900,3.2803730964660645
Symmetric Quadratic,4,123,4925,3.3065192699432373
Symmetric Quadratic,4,123,4950,3.3102126121520996
Symmetric Quadratic,4,123,4975,3.282594680786133
Symmetric Quadratic,4,123,5000,3.3089241981506348
